2026-08-15T18:29:13.334Z [INFO]  Terraform version: 1.15.8
2026-08-15T18:29:13.334Z [DEBUG] using github.com/hashicorp/go-tfe v1.105.0
2026-08-15T18:29:13.334Z [DEBUG] using github.com/hashicorp/hcl/v2 v2.24.0
2026-08-15T18:29:13.334Z [DEBUG] using github.com/hashicorp/terraform-svchost v0.2.1
2026-08-15T18:29:13.334Z [DEBUG] using github.com/zclconf/go-cty v1.18.0
2026-08-15T18:29:13.334Z [INFO]  Go runtime version: go1.25.10
2026-08-15T18:29:13.334Z [INFO]  CLI args: []string{"terraform", "apply", "-auto-approve"}
2026-08-15T18:29:13.334Z [TRACE] Stdout is a terminal of width 162
2026-08-15T18:29:13.334Z [TRACE] Stderr is a terminal of width 162
2026-08-15T18:29:13.334Z [TRACE] Stdin is a terminal
2026-08-15T18:29:13.334Z [DEBUG] Attempting to open CLI config file: /home/vlaljeet/.terraformrc
2026-08-15T18:29:13.334Z [DEBUG] File doesn't exist, but doesn't need to. Ignoring.
2026-08-15T18:29:13.334Z [DEBUG] ignoring non-existing provider search directory terraform.d/plugins
2026-08-15T18:29:13.334Z [DEBUG] ignoring non-existing provider search directory /home/vlaljeet/.terraform.d/plugins
2026-08-15T18:29:13.334Z [DEBUG] ignoring non-existing provider search directory /home/vlaljeet/.local/share/terraform/plugins
2026-08-15T18:29:13.334Z [DEBUG] ignoring non-existing provider search directory /usr/local/share/terraform/plugins
2026-08-15T18:29:13.334Z [DEBUG] ignoring non-existing provider search directory /usr/share/terraform/plugins
2026-08-15T18:29:13.334Z [DEBUG] ignoring non-existing provider search directory /var/lib/snapd/desktop/terraform/plugins
2026-08-15T18:29:13.335Z [INFO]  CLI command args: []string{"apply", "-auto-approve"}
2026-08-15T18:29:13.336Z [TRACE] Meta.Backend: no config given or present on disk, so returning nil config
2026-08-15T18:29:13.336Z [TRACE] Meta.Backend: backend has not previously been initialized in this working directory
2026-08-15T18:29:13.336Z [TRACE] Meta.Backend: using default local state only (no backend configuration, and no existing initialized backend)
2026-08-15T18:29:13.336Z [TRACE] Meta.Backend: instantiated backend of type <nil>
2026-08-15T18:29:13.336Z [TRACE] providercache.fillMetaCache: scanning directory .terraform/providers
2026-08-15T18:29:13.336Z [TRACE] getproviders.SearchLocalDirectory: found registry.terraform.io/hashicorp/local v2.9.0 for linux_amd64 at .terraform/providers/registry.terraform.io/hashicorp/local/2.9.0/linux_amd64
2026-08-15T18:29:13.336Z [TRACE] providercache.fillMetaCache: including .terraform/providers/registry.terraform.io/hashicorp/local/2.9.0/linux_amd64 as a candidate package for registry.terraform.io/hashicorp/local 2.9.0
2026-08-15T18:29:13.474Z [DEBUG] checking for provisioner in "."
2026-08-15T18:29:13.476Z [DEBUG] checking for provisioner in "/usr/bin"
2026-08-15T18:29:13.476Z [TRACE] Meta.Backend: backend <nil> does not support operations, so wrapping it in a local backend
2026-08-15T18:29:13.476Z [INFO]  backend/local: starting Apply operation
2026-08-15T18:29:13.476Z [TRACE] backend/local: requesting state manager for workspace "default"
2026-08-15T18:29:13.477Z [TRACE] backend/local: state manager for workspace "default" will:
 - read initial snapshot from terraform.tfstate
 - write new snapshots to terraform.tfstate
 - create any backup at terraform.tfstate.backup
2026-08-15T18:29:13.477Z [TRACE] backend/local: requesting state lock for workspace "default"
2026-08-15T18:29:13.477Z [TRACE] statemgr.Filesystem: preparing to manage state snapshots at terraform.tfstate
2026-08-15T18:29:13.477Z [TRACE] statemgr.Filesystem: existing snapshot has lineage "0070b44a-1d48-b93d-a37e-26527d26ab75" serial 1
2026-08-15T18:29:13.477Z [TRACE] statemgr.Filesystem: locking terraform.tfstate using fcntl flock
2026-08-15T18:29:13.477Z [TRACE] statemgr.Filesystem: writing lock metadata to .terraform.tfstate.lock.info
2026-08-15T18:29:13.477Z [TRACE] backend/local: reading remote state for workspace "default"
2026-08-15T18:29:13.477Z [TRACE] statemgr.Filesystem: reading latest snapshot from terraform.tfstate
2026-08-15T18:29:13.477Z [TRACE] statemgr.Filesystem: read snapshot with lineage "0070b44a-1d48-b93d-a37e-26527d26ab75" serial 1
2026-08-15T18:29:13.478Z [TRACE] backend/local: populating backendrun.LocalRun for current working directory
2026-08-15T18:29:13.478Z [TRACE] terraform.NewContext: starting
2026-08-15T18:29:13.478Z [TRACE] terraform.NewContext: complete
2026-08-15T18:29:13.478Z [TRACE] terraform.NewContext: starting
2026-08-15T18:29:13.478Z [TRACE] terraform.NewContext: complete
2026-08-15T18:29:13.478Z [TRACE] building graph for terraform dependencies
2026-08-15T18:29:13.478Z [TRACE] Executing graph transform *terraform.RootVariableTransformer
2026-08-15T18:29:13.478Z [TRACE] Executing graph transform *terraform.ModuleTransformer
2026-08-15T18:29:13.478Z [TRACE] Executing graph transform *terraform.LocalTransformer
2026-08-15T18:29:13.478Z [TRACE] Executing graph transform *terraform.ReferenceTransformer
2026-08-15T18:29:13.478Z [TRACE] Executing graph transform *terraform.TransformFilter
2026-08-15T18:29:13.478Z [TRACE] Executing graph transform *terraform.variableValidationTransformer
2026-08-15T18:29:13.478Z [TRACE] variableValidationTransformer: adding validation nodes for any existing variable evaluation nodes
2026-08-15T18:29:13.478Z [TRACE] Executing graph transform *terraform.RootTransformer
2026-08-15T18:29:13.478Z [TRACE] Executing graph transform *terraform.TransitiveReductionTransformer
2026-08-15T18:29:13.478Z [TRACE] Completed graph transform:
root - terraform.graphNodeRoot
  ------
2026-08-15T18:29:13.478Z [DEBUG] Starting graph walk: walkInit
2026-08-15T18:29:13.478Z [TRACE] vertex "root": starting visit (terraform.graphNodeRoot)
2026-08-15T18:29:13.478Z [TRACE] vertex "root": does not belong to any module instance
2026-08-15T18:29:13.478Z [TRACE] vertex "root": visit complete
2026-08-15T18:29:13.478Z [TRACE] Config.VerifyDependencySelections: provider registry.terraform.io/hashicorp/local has 2.9.0 to satisfy "~> 2.5"
2026-08-15T18:29:13.478Z [TRACE] backend/local: requesting interactive input, if necessary
2026-08-15T18:29:13.478Z [TRACE] LoadSchemas: retrieving schema for provider type "registry.terraform.io/hashicorp/local"
2026-08-15T18:29:13.478Z [TRACE] terraform.contextPlugins: Initializing provider "registry.terraform.io/hashicorp/local" to read its schema
2026-08-15T18:29:13.478Z [DEBUG] created provider logger: level=trace
2026-08-15T18:29:13.478Z [INFO]  provider: configuring client automatic mTLS
2026-08-15T18:29:13.490Z [DEBUG] provider: starting plugin: path=.terraform/providers/registry.terraform.io/hashicorp/local/2.9.0/linux_amd64/terraform-provider-local_v2.9.0_x5 args=[".terraform/providers/registry.terraform.io/hashicorp/local/2.9.0/linux_amd64/terraform-provider-local_v2.9.0_x5"]
2026-08-15T18:29:13.490Z [DEBUG] provider: plugin started: path=.terraform/providers/registry.terraform.io/hashicorp/local/2.9.0/linux_amd64/terraform-provider-local_v2.9.0_x5 pid=3284
2026-08-15T18:29:13.490Z [DEBUG] provider: waiting for RPC address: plugin=.terraform/providers/registry.terraform.io/hashicorp/local/2.9.0/linux_amd64/terraform-provider-local_v2.9.0_x5
2026-08-15T18:29:13.498Z [INFO]  provider.terraform-provider-local_v2.9.0_x5: configuring server automatic mTLS: timestamp=2026-08-15T18:29:13.497Z
2026-08-15T18:29:13.508Z [DEBUG] provider.terraform-provider-local_v2.9.0_x5: plugin address: address=/tmp/plugin3077242228 network=unix timestamp=2026-08-15T18:29:13.508Z
2026-08-15T18:29:13.508Z [DEBUG] provider: using plugin: version=5
2026-08-15T18:29:13.518Z [TRACE] GRPCProvider: GetProviderSchema
2026-08-15T18:29:13.519Z [TRACE] provider.stdio: waiting for stdio data
2026-08-15T18:29:13.523Z [TRACE] provider.terraform-provider-local_v2.9.0_x5: Received request: @module=sdk.proto tf_proto_version=5.11 tf_provider_addr=registry.terraform.io/hashicorp/local @caller=github.com/hashicorp/terraform-plugin-go@v0.31.0/tfprotov5/tf5server/server.go:544 tf_req_id=4fbdb359-800f-a39f-0bd3-30ccf41c0768 tf_rpc=GetProviderSchema timestamp=2026-08-15T18:29:13.523Z
2026-08-15T18:29:13.523Z [TRACE] provider.terraform-provider-local_v2.9.0_x5: Sending request downstream: tf_rpc=GetProviderSchema tf_provider_addr=registry.terraform.io/hashicorp/local @caller=github.com/hashicorp/terraform-plugin-go@v0.31.0/tfprotov5/internal/tf5serverlogging/downstream_request.go:22 @module=sdk.proto tf_proto_version=5.11 tf_req_id=4fbdb359-800f-a39f-0bd3-30ccf41c0768 timestamp=2026-08-15T18:29:13.523Z
2026-08-15T18:29:13.523Z [TRACE] provider.terraform-provider-local_v2.9.0_x5: Checking ProviderSchema lock: tf_provider_addr=registry.terraform.io/hashicorp/local tf_req_id=4fbdb359-800f-a39f-0bd3-30ccf41c0768 tf_rpc=GetProviderSchema @caller=github.com/hashicorp/terraform-plugin-framework@v1.19.0/internal/fwserver/server.go:499 @module=sdk.framework timestamp=2026-08-15T18:29:13.523Z
2026-08-15T18:29:13.523Z [TRACE] provider.terraform-provider-local_v2.9.0_x5: Calling provider defined Provider Schema: tf_provider_addr=registry.terraform.io/hashicorp/local tf_req_id=4fbdb359-800f-a39f-0bd3-30ccf41c0768 tf_rpc=GetProviderSchema @caller=github.com/hashicorp/terraform-plugin-framework@v1.19.0/internal/fwserver/server.go:510 @module=sdk.framework timestamp=2026-08-15T18:29:13.523Z
2026-08-15T18:29:13.523Z [TRACE] provider.terraform-provider-local_v2.9.0_x5: Called provider defined Provider Schema: @module=sdk.framework tf_provider_addr=registry.terraform.io/hashicorp/local tf_req_id=4fbdb359-800f-a39f-0bd3-30ccf41c0768 tf_rpc=GetProviderSchema @caller=github.com/hashicorp/terraform-plugin-framework@v1.19.0/internal/fwserver/server.go:512 timestamp=2026-08-15T18:29:13.523Z
2026-08-15T18:29:13.523Z [TRACE] provider.terraform-provider-local_v2.9.0_x5: Checking ResourceTypes lock: @module=sdk.framework tf_provider_addr=registry.terraform.io/hashicorp/local tf_req_id=4fbdb359-800f-a39f-0bd3-30ccf41c0768 tf_rpc=GetProviderSchema @caller=github.com/hashicorp/terraform-plugin-framework@v1.19.0/internal/fwserver/server.go:649 timestamp=2026-08-15T18:29:13.523Z
2026-08-15T18:29:13.523Z [TRACE] provider.terraform-provider-local_v2.9.0_x5: Checking ProviderTypeName lock: tf_provider_addr=registry.terraform.io/hashicorp/local tf_req_id=4fbdb359-800f-a39f-0bd3-30ccf41c0768 tf_rpc=GetProviderSchema @caller=github.com/hashicorp/terraform-plugin-framework@v1.19.0/internal/fwserver/server.go:476 @module=sdk.framework timestamp=2026-08-15T18:29:13.523Z
2026-08-15T18:29:13.523Z [TRACE] provider.terraform-provider-local_v2.9.0_x5: Calling provider defined Provider Metadata: @module=sdk.framework tf_provider_addr=registry.terraform.io/hashicorp/local tf_req_id=4fbdb359-800f-a39f-0bd3-30ccf41c0768 tf_rpc=GetProviderSchema @caller=github.com/hashicorp/terraform-plugin-framework@v1.19.0/internal/fwserver/server.go:487 timestamp=2026-08-15T18:29:13.523Z
2026-08-15T18:29:13.523Z [TRACE] provider.terraform-provider-local_v2.9.0_x5: Called provider defined Provider Metadata: tf_provider_addr=registry.terraform.io/hashicorp/local tf_req_id=4fbdb359-800f-a39f-0bd3-30ccf41c0768 tf_rpc=GetProviderSchema @caller=github.com/hashicorp/terraform-plugin-framework@v1.19.0/internal/fwserver/server.go:489 @module=sdk.framework timestamp=2026-08-15T18:29:13.523Z
2026-08-15T18:29:13.523Z [TRACE] provider.terraform-provider-local_v2.9.0_x5: Calling provider defined Provider Resources: tf_provider_addr=registry.terraform.io/hashicorp/local tf_req_id=4fbdb359-800f-a39f-0bd3-30ccf41c0768 tf_rpc=GetProviderSchema @caller=github.com/hashicorp/terraform-plugin-framework@v1.19.0/internal/fwserver/server.go:660 @module=sdk.framework timestamp=2026-08-15T18:29:13.523Z
2026-08-15T18:29:13.523Z [TRACE] provider.terraform-provider-local_v2.9.0_x5: Called provider defined Provider Resources: tf_provider_addr=registry.terraform.io/hashicorp/local tf_req_id=4fbdb359-800f-a39f-0bd3-30ccf41c0768 tf_rpc=GetProviderSchema @caller=github.com/hashicorp/terraform-plugin-framework@v1.19.0/internal/fwserver/server.go:662 @module=sdk.framework timestamp=2026-08-15T18:29:13.523Z
2026-08-15T18:29:13.523Z [TRACE] provider.terraform-provider-local_v2.9.0_x5: Found resource type: tf_provider_addr=registry.terraform.io/hashicorp/local tf_resource_type=local_file @caller=github.com/hashicorp/terraform-plugin-framework@v1.19.0/internal/fwserver/server.go:683 @module=sdk.framework tf_req_id=4fbdb359-800f-a39f-0bd3-30ccf41c0768 tf_rpc=GetProviderSchema timestamp=2026-08-15T18:29:13.523Z
2026-08-15T18:29:13.523Z [TRACE] provider.terraform-provider-local_v2.9.0_x5: Found resource type: tf_rpc=GetProviderSchema @caller=github.com/hashicorp/terraform-plugin-framework@v1.19.0/internal/fwserver/server.go:683 @module=sdk.framework tf_resource_type=local_sensitive_file tf_provider_addr=registry.terraform.io/hashicorp/local tf_req_id=4fbdb359-800f-a39f-0bd3-30ccf41c0768 timestamp=2026-08-15T18:29:13.523Z
2026-08-15T18:29:13.523Z [TRACE] provider.terraform-provider-local_v2.9.0_x5: Calling provider defined Resource Schema method: tf_provider_addr=registry.terraform.io/hashicorp/local tf_rpc=GetProviderSchema @caller=github.com/hashicorp/terraform-plugin-framework@v1.19.0/internal/fwserver/server.go:779 @module=sdk.framework tf_req_id=4fbdb359-800f-a39f-0bd3-30ccf41c0768 tf_resource_type=local_file timestamp=2026-08-15T18:29:13.523Z
2026-08-15T18:29:13.523Z [TRACE] provider.terraform-provider-local_v2.9.0_x5: Called provider defined Resource Schema method: @caller=github.com/hashicorp/terraform-plugin-framework@v1.19.0/internal/fwserver/server.go:781 tf_provider_addr=registry.terraform.io/hashicorp/local tf_req_id=4fbdb359-800f-a39f-0bd3-30ccf41c0768 tf_resource_type=local_file tf_rpc=GetProviderSchema @module=sdk.framework timestamp=2026-08-15T18:29:13.523Z
2026-08-15T18:29:13.523Z [TRACE] provider.terraform-provider-local_v2.9.0_x5: Calling provider defined Resource Schema method: @module=sdk.framework tf_req_id=4fbdb359-800f-a39f-0bd3-30ccf41c0768 tf_resource_type=local_sensitive_file tf_rpc=GetProviderSchema tf_provider_addr=registry.terraform.io/hashicorp/local @caller=github.com/hashicorp/terraform-plugin-framework@v1.19.0/internal/fwserver/server.go:779 timestamp=2026-08-15T18:29:13.523Z
2026-08-15T18:29:13.523Z [TRACE] provider.terraform-provider-local_v2.9.0_x5: Called provider defined Resource Schema method: @module=sdk.framework tf_resource_type=local_sensitive_file tf_rpc=GetProviderSchema @caller=github.com/hashicorp/terraform-plugin-framework@v1.19.0/internal/fwserver/server.go:781 tf_provider_addr=registry.terraform.io/hashicorp/local tf_req_id=4fbdb359-800f-a39f-0bd3-30ccf41c0768 timestamp=2026-08-15T18:29:13.523Z
2026-08-15T18:29:13.523Z [TRACE] provider.terraform-provider-local_v2.9.0_x5: Checking DataSourceTypes lock: @caller=github.com/hashicorp/terraform-plugin-framework@v1.19.0/internal/fwserver/server.go:320 @module=sdk.framework tf_provider_addr=registry.terraform.io/hashicorp/local tf_req_id=4fbdb359-800f-a39f-0bd3-30ccf41c0768 tf_rpc=GetProviderSchema timestamp=2026-08-15T18:29:13.523Z
2026-08-15T18:29:13.523Z [TRACE] provider.terraform-provider-local_v2.9.0_x5: Checking ProviderTypeName lock: tf_provider_addr=registry.terraform.io/hashicorp/local tf_req_id=4fbdb359-800f-a39f-0bd3-30ccf41c0768 tf_rpc=GetProviderSchema @caller=github.com/hashicorp/terraform-plugin-framework@v1.19.0/internal/fwserver/server.go:476 @module=sdk.framework timestamp=2026-08-15T18:29:13.523Z
2026-08-15T18:29:13.523Z [TRACE] provider.terraform-provider-local_v2.9.0_x5: Calling provider defined Provider DataSources: @module=sdk.framework tf_provider_addr=registry.terraform.io/hashicorp/local tf_req_id=4fbdb359-800f-a39f-0bd3-30ccf41c0768 tf_rpc=GetProviderSchema @caller=github.com/hashicorp/terraform-plugin-framework@v1.19.0/internal/fwserver/server.go:331 timestamp=2026-08-15T18:29:13.523Z
2026-08-15T18:29:13.523Z [TRACE] provider.terraform-provider-local_v2.9.0_x5: Called provider defined Provider DataSources: @module=sdk.framework tf_provider_addr=registry.terraform.io/hashicorp/local tf_req_id=4fbdb359-800f-a39f-0bd3-30ccf41c0768 tf_rpc=GetProviderSchema @caller=github.com/hashicorp/terraform-plugin-framework@v1.19.0/internal/fwserver/server.go:333 timestamp=2026-08-15T18:29:13.523Z
2026-08-15T18:29:13.523Z [TRACE] provider.terraform-provider-local_v2.9.0_x5: Found data source type: @module=sdk.framework tf_data_source_type=local_file tf_req_id=4fbdb359-800f-a39f-0bd3-30ccf41c0768 tf_rpc=GetProviderSchema @caller=github.com/hashicorp/terraform-plugin-framework@v1.19.0/internal/fwserver/server.go:354 tf_provider_addr=registry.terraform.io/hashicorp/local timestamp=2026-08-15T18:29:13.523Z
2026-08-15T18:29:13.523Z [TRACE] provider.terraform-provider-local_v2.9.0_x5: Found data source type: @caller=github.com/hashicorp/terraform-plugin-framework@v1.19.0/internal/fwserver/server.go:354 tf_data_source_type=local_sensitive_file tf_provider_addr=registry.terraform.io/hashicorp/local tf_req_id=4fbdb359-800f-a39f-0bd3-30ccf41c0768 tf_rpc=GetProviderSchema @module=sdk.framework timestamp=2026-08-15T18:29:13.523Z
2026-08-15T18:29:13.523Z [TRACE] provider.terraform-provider-local_v2.9.0_x5: Found data source type: tf_req_id=4fbdb359-800f-a39f-0bd3-30ccf41c0768 tf_rpc=GetProviderSchema @module=sdk.framework tf_data_source_type=local_command tf_provider_addr=registry.terraform.io/hashicorp/local @caller=github.com/hashicorp/terraform-plugin-framework@v1.19.0/internal/fwserver/server.go:354 timestamp=2026-08-15T18:29:13.523Z
2026-08-15T18:29:13.523Z [TRACE] provider.terraform-provider-local_v2.9.0_x5: Calling provider defined DataSource Schema: @module=sdk.framework tf_req_id=4fbdb359-800f-a39f-0bd3-30ccf41c0768 tf_rpc=GetProviderSchema @caller=github.com/hashicorp/terraform-plugin-framework@v1.19.0/internal/fwserver/server.go:450 tf_data_source_type=local_file tf_provider_addr=registry.terraform.io/hashicorp/local timestamp=2026-08-15T18:29:13.523Z
2026-08-15T18:29:13.523Z [TRACE] provider.terraform-provider-local_v2.9.0_x5: Called provider defined DataSource Schema: tf_provider_addr=registry.terraform.io/hashicorp/local tf_req_id=4fbdb359-800f-a39f-0bd3-30ccf41c0768 @caller=github.com/hashicorp/terraform-plugin-framework@v1.19.0/internal/fwserver/server.go:452 tf_rpc=GetProviderSchema @module=sdk.framework tf_data_source_type=local_file timestamp=2026-08-15T18:29:13.523Z
2026-08-15T18:29:13.523Z [TRACE] provider.terraform-provider-local_v2.9.0_x5: Calling provider defined DataSource Schema: tf_provider_addr=registry.terraform.io/hashicorp/local @caller=github.com/hashicorp/terraform-plugin-framework@v1.19.0/internal/fwserver/server.go:450 @module=sdk.framework tf_data_source_type=local_sensitive_file tf_req_id=4fbdb359-800f-a39f-0bd3-30ccf41c0768 tf_rpc=GetProviderSchema timestamp=2026-08-15T18:29:13.523Z
2026-08-15T18:29:13.523Z [TRACE] provider.terraform-provider-local_v2.9.0_x5: Called provider defined DataSource Schema: @module=sdk.framework tf_rpc=GetProviderSchema tf_data_source_type=local_sensitive_file tf_provider_addr=registry.terraform.io/hashicorp/local tf_req_id=4fbdb359-800f-a39f-0bd3-30ccf41c0768 @caller=github.com/hashicorp/terraform-plugin-framework@v1.19.0/internal/fwserver/server.go:452 timestamp=2026-08-15T18:29:13.523Z
2026-08-15T18:29:13.523Z [TRACE] provider.terraform-provider-local_v2.9.0_x5: Calling provider defined DataSource Schema: @module=sdk.framework tf_provider_addr=registry.terraform.io/hashicorp/local tf_rpc=GetProviderSchema @caller=github.com/hashicorp/terraform-plugin-framework@v1.19.0/internal/fwserver/server.go:450 tf_data_source_type=local_command tf_req_id=4fbdb359-800f-a39f-0bd3-30ccf41c0768 timestamp=2026-08-15T18:29:13.523Z
2026-08-15T18:29:13.523Z [TRACE] provider.terraform-provider-local_v2.9.0_x5: Called provider defined DataSource Schema: @caller=github.com/hashicorp/terraform-plugin-framework@v1.19.0/internal/fwserver/server.go:452 tf_provider_addr=registry.terraform.io/hashicorp/local tf_req_id=4fbdb359-800f-a39f-0bd3-30ccf41c0768 tf_rpc=GetProviderSchema @module=sdk.framework tf_data_source_type=local_command timestamp=2026-08-15T18:29:13.523Z
2026-08-15T18:29:13.523Z [TRACE] provider.terraform-provider-local_v2.9.0_x5: Checking FunctionTypes lock: @caller=github.com/hashicorp/terraform-plugin-framework@v1.19.0/internal/fwserver/server_functions.go:124 @module=sdk.framework tf_provider_addr=registry.terraform.io/hashicorp/local tf_req_id=4fbdb359-800f-a39f-0bd3-30ccf41c0768 tf_rpc=GetProviderSchema timestamp=2026-08-15T18:29:13.523Z
2026-08-15T18:29:13.523Z [TRACE] provider.terraform-provider-local_v2.9.0_x5: Calling provider defined Provider Functions: @module=sdk.framework tf_provider_addr=registry.terraform.io/hashicorp/local tf_req_id=4fbdb359-800f-a39f-0bd3-30ccf41c0768 tf_rpc=GetProviderSchema @caller=github.com/hashicorp/terraform-plugin-framework@v1.19.0/internal/fwserver/server_functions.go:142 timestamp=2026-08-15T18:29:13.523Z
2026-08-15T18:29:13.523Z [TRACE] provider.terraform-provider-local_v2.9.0_x5: Called provider defined Provider Functions: tf_provider_addr=registry.terraform.io/hashicorp/local tf_req_id=4fbdb359-800f-a39f-0bd3-30ccf41c0768 tf_rpc=GetProviderSchema @caller=github.com/hashicorp/terraform-plugin-framework@v1.19.0/internal/fwserver/server_functions.go:144 @module=sdk.framework timestamp=2026-08-15T18:29:13.523Z
2026-08-15T18:29:13.523Z [TRACE] provider.terraform-provider-local_v2.9.0_x5: Found function: tf_function_name=direxists tf_rpc=GetProviderSchema @module=sdk.framework tf_provider_addr=registry.terraform.io/hashicorp/local tf_req_id=4fbdb359-800f-a39f-0bd3-30ccf41c0768 @caller=github.com/hashicorp/terraform-plugin-framework@v1.19.0/internal/fwserver/server_functions.go:163 timestamp=2026-08-15T18:29:13.523Z
2026-08-15T18:29:13.523Z [TRACE] provider.terraform-provider-local_v2.9.0_x5: Calling provider defined Function Definition: @caller=github.com/hashicorp/terraform-plugin-framework@v1.19.0/internal/fwserver/server_functions.go:91 tf_req_id=4fbdb359-800f-a39f-0bd3-30ccf41c0768 tf_rpc=GetProviderSchema @module=sdk.framework tf_function_name=direxists tf_provider_addr=registry.terraform.io/hashicorp/local timestamp=2026-08-15T18:29:13.523Z
2026-08-15T18:29:13.523Z [TRACE] provider.terraform-provider-local_v2.9.0_x5: Called provider defined Function Definition: tf_req_id=4fbdb359-800f-a39f-0bd3-30ccf41c0768 @caller=github.com/hashicorp/terraform-plugin-framework@v1.19.0/internal/fwserver/server_functions.go:93 @module=sdk.framework tf_function_name=direxists tf_rpc=GetProviderSchema tf_provider_addr=registry.terraform.io/hashicorp/local timestamp=2026-08-15T18:29:13.523Z
2026-08-15T18:29:13.523Z [TRACE] provider.terraform-provider-local_v2.9.0_x5: Checking EphemeralResourceFuncs lock: tf_provider_addr=registry.terraform.io/hashicorp/local tf_req_id=4fbdb359-800f-a39f-0bd3-30ccf41c0768 tf_rpc=GetProviderSchema @caller=github.com/hashicorp/terraform-plugin-framework@v1.19.0/internal/fwserver/server_ephemeralresources.go:38 @module=sdk.framework timestamp=2026-08-15T18:29:13.523Z
2026-08-15T18:29:13.523Z [TRACE] provider.terraform-provider-local_v2.9.0_x5: Checking ProviderTypeName lock: @module=sdk.framework tf_provider_addr=registry.terraform.io/hashicorp/local tf_req_id=4fbdb359-800f-a39f-0bd3-30ccf41c0768 tf_rpc=GetProviderSchema @caller=github.com/hashicorp/terraform-plugin-framework@v1.19.0/internal/fwserver/server.go:476 timestamp=2026-08-15T18:29:13.523Z
2026-08-15T18:29:13.523Z [TRACE] provider.terraform-provider-local_v2.9.0_x5: Calling provider defined Provider EphemeralResources: tf_rpc=GetProviderSchema @caller=github.com/hashicorp/terraform-plugin-framework@v1.19.0/internal/fwserver/server_ephemeralresources.go:57 @module=sdk.framework tf_provider_addr=registry.terraform.io/hashicorp/local tf_req_id=4fbdb359-800f-a39f-0bd3-30ccf41c0768 timestamp=2026-08-15T18:29:13.523Z
2026-08-15T18:29:13.523Z [TRACE] provider.terraform-provider-local_v2.9.0_x5: Called provider defined Provider EphemeralResources: @module=sdk.framework tf_provider_addr=registry.terraform.io/hashicorp/local tf_req_id=4fbdb359-800f-a39f-0bd3-30ccf41c0768 tf_rpc=GetProviderSchema @caller=github.com/hashicorp/terraform-plugin-framework@v1.19.0/internal/fwserver/server_ephemeralresources.go:59 timestamp=2026-08-15T18:29:13.523Z
2026-08-15T18:29:13.523Z [TRACE] provider.terraform-provider-local_v2.9.0_x5: Found ephemeral resource type: tf_provider_addr=registry.terraform.io/hashicorp/local tf_req_id=4fbdb359-800f-a39f-0bd3-30ccf41c0768 tf_rpc=GetProviderSchema @caller=github.com/hashicorp/terraform-plugin-framework@v1.19.0/internal/fwserver/server_ephemeralresources.go:80 @module=sdk.framework tf_ephemeral_resource_type=local_command timestamp=2026-08-15T18:29:13.523Z
2026-08-15T18:29:13.523Z [TRACE] provider.terraform-provider-local_v2.9.0_x5: Calling provider defined EphemeralResource Schema: tf_provider_addr=registry.terraform.io/hashicorp/local @caller=github.com/hashicorp/terraform-plugin-framework@v1.19.0/internal/fwserver/server_ephemeralresources.go:176 @module=sdk.framework tf_ephemeral_resource_type=local_command tf_req_id=4fbdb359-800f-a39f-0bd3-30ccf41c0768 tf_rpc=GetProviderSchema timestamp=2026-08-15T18:29:13.523Z
2026-08-15T18:29:13.523Z [TRACE] provider.terraform-provider-local_v2.9.0_x5: Called provider defined EphemeralResource Schema: @caller=github.com/hashicorp/terraform-plugin-framework@v1.19.0/internal/fwserver/server_ephemeralresources.go:178 @module=sdk.framework tf_ephemeral_resource_type=local_command tf_req_id=4fbdb359-800f-a39f-0bd3-30ccf41c0768 tf_rpc=GetProviderSchema tf_provider_addr=registry.terraform.io/hashicorp/local timestamp=2026-08-15T18:29:13.523Z
2026-08-15T18:29:13.523Z [TRACE] provider.terraform-provider-local_v2.9.0_x5: Checking ActionFuncs lock: @module=sdk.framework tf_provider_addr=registry.terraform.io/hashicorp/local tf_req_id=4fbdb359-800f-a39f-0bd3-30ccf41c0768 tf_rpc=GetProviderSchema @caller=github.com/hashicorp/terraform-plugin-framework@v1.19.0/internal/fwserver/server_actions.go:38 timestamp=2026-08-15T18:29:13.523Z
2026-08-15T18:29:13.523Z [TRACE] provider.terraform-provider-local_v2.9.0_x5: Checking ProviderTypeName lock: tf_provider_addr=registry.terraform.io/hashicorp/local tf_req_id=4fbdb359-800f-a39f-0bd3-30ccf41c0768 tf_rpc=GetProviderSchema @caller=github.com/hashicorp/terraform-plugin-framework@v1.19.0/internal/fwserver/server.go:476 @module=sdk.framework timestamp=2026-08-15T18:29:13.523Z
2026-08-15T18:29:13.523Z [TRACE] provider.terraform-provider-local_v2.9.0_x5: Calling provider defined Actions: tf_provider_addr=registry.terraform.io/hashicorp/local tf_req_id=4fbdb359-800f-a39f-0bd3-30ccf41c0768 tf_rpc=GetProviderSchema @caller=github.com/hashicorp/terraform-plugin-framework@v1.19.0/internal/fwserver/server_actions.go:56 @module=sdk.framework timestamp=2026-08-15T18:29:13.523Z
2026-08-15T18:29:13.523Z [TRACE] provider.terraform-provider-local_v2.9.0_x5: Called provider defined Actions: tf_provider_addr=registry.terraform.io/hashicorp/local tf_req_id=4fbdb359-800f-a39f-0bd3-30ccf41c0768 tf_rpc=GetProviderSchema @caller=github.com/hashicorp/terraform-plugin-framework@v1.19.0/internal/fwserver/server_actions.go:58 @module=sdk.framework timestamp=2026-08-15T18:29:13.523Z
2026-08-15T18:29:13.523Z [TRACE] provider.terraform-provider-local_v2.9.0_x5: Found action: @module=sdk.framework tf_action_type=local_command tf_req_id=4fbdb359-800f-a39f-0bd3-30ccf41c0768 tf_rpc=GetProviderSchema tf_provider_addr=registry.terraform.io/hashicorp/local @caller=github.com/hashicorp/terraform-plugin-framework@v1.19.0/internal/fwserver/server_actions.go:79 timestamp=2026-08-15T18:29:13.523Z
2026-08-15T18:29:13.523Z [TRACE] provider.terraform-provider-local_v2.9.0_x5: Calling provider defined Action Schema: tf_action_type=local_command @caller=github.com/hashicorp/terraform-plugin-framework@v1.19.0/internal/fwserver/server_actions.go:175 @module=sdk.framework tf_provider_addr=registry.terraform.io/hashicorp/local tf_req_id=4fbdb359-800f-a39f-0bd3-30ccf41c0768 tf_rpc=GetProviderSchema timestamp=2026-08-15T18:29:13.523Z
2026-08-15T18:29:13.523Z [TRACE] provider.terraform-provider-local_v2.9.0_x5: Called provider defined Action Schema: tf_action_type=local_command tf_provider_addr=registry.terraform.io/hashicorp/local tf_req_id=4fbdb359-800f-a39f-0bd3-30ccf41c0768 tf_rpc=GetProviderSchema @caller=github.com/hashicorp/terraform-plugin-framework@v1.19.0/internal/fwserver/server_actions.go:177 @module=sdk.framework timestamp=2026-08-15T18:29:13.523Z
2026-08-15T18:29:13.523Z [TRACE] provider.terraform-provider-local_v2.9.0_x5: Checking StateStoreFuncs lock: tf_rpc=GetProviderSchema @caller=github.com/hashicorp/terraform-plugin-framework@v1.19.0/internal/fwserver/server_statestore.go:38 @module=sdk.framework tf_provider_addr=registry.terraform.io/hashicorp/local tf_req_id=4fbdb359-800f-a39f-0bd3-30ccf41c0768 timestamp=2026-08-15T18:29:13.523Z
2026-08-15T18:29:13.523Z [TRACE] provider.terraform-provider-local_v2.9.0_x5: Checking ProviderTypeName lock: tf_req_id=4fbdb359-800f-a39f-0bd3-30ccf41c0768 tf_rpc=GetProviderSchema @caller=github.com/hashicorp/terraform-plugin-framework@v1.19.0/internal/fwserver/server.go:476 @module=sdk.framework tf_provider_addr=registry.terraform.io/hashicorp/local timestamp=2026-08-15T18:29:13.523Z
2026-08-15T18:29:13.523Z [TRACE] provider.terraform-provider-local_v2.9.0_x5: Received downstream response: tf_proto_version=5.11 tf_provider_addr=registry.terraform.io/hashicorp/local tf_req_duration_ms=0 tf_req_id=4fbdb359-800f-a39f-0bd3-30ccf41c0768 @caller=github.com/hashicorp/terraform-plugin-go@v0.31.0/tfprotov5/internal/tf5serverlogging/downstream_request.go:61 diagnostic_error_count=0 tf_rpc=GetProviderSchema @module=sdk.proto diagnostic_warning_count=0 timestamp=2026-08-15T18:29:13.523Z
2026-08-15T18:29:13.523Z [TRACE] provider.terraform-provider-local_v2.9.0_x5: Announced server capabilities: tf_proto_version=5.11 tf_provider_addr=registry.terraform.io/hashicorp/local tf_req_id=4fbdb359-800f-a39f-0bd3-30ccf41c0768 tf_server_capability_generate_resource_config=false tf_server_capability_get_provider_schema_optional=true @module=sdk.proto tf_rpc=GetProviderSchema tf_server_capability_move_resource_state=true tf_server_capability_plan_destroy=true @caller=github.com/hashicorp/terraform-plugin-go@v0.31.0/tfprotov5/internal/tf5serverlogging/server_capabilities.go:29 timestamp=2026-08-15T18:29:13.523Z
2026-08-15T18:29:13.524Z [TRACE] provider.terraform-provider-local_v2.9.0_x5: Served request: @caller=github.com/hashicorp/terraform-plugin-go@v0.31.0/tfprotov5/tf5server/server.go:563 tf_provider_addr=registry.terraform.io/hashicorp/local tf_req_id=4fbdb359-800f-a39f-0bd3-30ccf41c0768 @module=sdk.proto tf_proto_version=5.11 tf_rpc=GetProviderSchema timestamp=2026-08-15T18:29:13.523Z
2026-08-15T18:29:13.525Z [TRACE] provider.terraform-provider-local_v2.9.0_x5: Received request: tf_proto_version=5.11 tf_req_id=685e1191-ba4b-2127-14c5-505cbb0cd87e tf_rpc=GetResourceIdentitySchemas @caller=github.com/hashicorp/terraform-plugin-go@v0.31.0/tfprotov5/tf5server/server.go:571 @module=sdk.proto tf_provider_addr=registry.terraform.io/hashicorp/local timestamp=2026-08-15T18:29:13.525Z
2026-08-15T18:29:13.525Z [TRACE] provider.terraform-provider-local_v2.9.0_x5: Sending request downstream: @module=sdk.proto tf_proto_version=5.11 tf_provider_addr=registry.terraform.io/hashicorp/local tf_rpc=GetResourceIdentitySchemas @caller=github.com/hashicorp/terraform-plugin-go@v0.31.0/tfprotov5/internal/tf5serverlogging/downstream_request.go:22 tf_req_id=685e1191-ba4b-2127-14c5-505cbb0cd87e timestamp=2026-08-15T18:29:13.525Z
2026-08-15T18:29:13.525Z [TRACE] provider.terraform-provider-local_v2.9.0_x5: Checking ResourceTypes lock: @module=sdk.framework tf_provider_addr=registry.terraform.io/hashicorp/local tf_req_id=685e1191-ba4b-2127-14c5-505cbb0cd87e tf_rpc=GetResourceIdentitySchemas @caller=github.com/hashicorp/terraform-plugin-framework@v1.19.0/internal/fwserver/server.go:649 timestamp=2026-08-15T18:29:13.525Z
2026-08-15T18:29:13.525Z [TRACE] provider.terraform-provider-local_v2.9.0_x5: Received downstream response: diagnostic_warning_count=0 tf_provider_addr=registry.terraform.io/hashicorp/local tf_req_duration_ms=0 tf_rpc=GetResourceIdentitySchemas @module=sdk.proto tf_proto_version=5.11 tf_req_id=685e1191-ba4b-2127-14c5-505cbb0cd87e @caller=github.com/hashicorp/terraform-plugin-go@v0.31.0/tfprotov5/internal/tf5serverlogging/downstream_request.go:61 diagnostic_error_count=0 timestamp=2026-08-15T18:29:13.525Z
2026-08-15T18:29:13.525Z [TRACE] provider.terraform-provider-local_v2.9.0_x5: Served request: @caller=github.com/hashicorp/terraform-plugin-go@v0.31.0/tfprotov5/tf5server/server.go:589 tf_proto_version=5.11 tf_rpc=GetResourceIdentitySchemas @module=sdk.proto tf_provider_addr=registry.terraform.io/hashicorp/local tf_req_id=685e1191-ba4b-2127-14c5-505cbb0cd87e timestamp=2026-08-15T18:29:13.525Z
2026-08-15T18:29:13.525Z [DEBUG] No provider meta schema returned
2026-08-15T18:29:13.525Z [TRACE] GRPCProvider: Close
2026-08-15T18:29:13.526Z [DEBUG] provider.stdio: received EOF, stopping recv loop: err="rpc error: code = Unavailable desc = error reading from server: EOF"
2026-08-15T18:29:13.527Z [INFO]  provider: plugin process exited: plugin=.terraform/providers/registry.terraform.io/hashicorp/local/2.9.0/linux_amd64/terraform-provider-local_v2.9.0_x5 id=3284
2026-08-15T18:29:13.527Z [DEBUG] provider: plugin exited
2026-08-15T18:29:13.527Z [TRACE] Context.Input: Prompting for provider arguments
2026-08-15T18:29:13.527Z [TRACE] Context.Input: Provider provider.local implied by resource block at terraform.tf:10,1-29
2026-08-15T18:29:13.527Z [TRACE] Context.Input: Input for provider.local: map[string]cty.Value{}
2026-08-15T18:29:13.527Z [TRACE] backend/local: running validation operation
2026-08-15T18:29:13.527Z [TRACE] LoadSchemas: retrieving schema for provider type "registry.terraform.io/hashicorp/local"
2026-08-15T18:29:13.527Z [TRACE] terraform.contextPlugins: Schema for provider "registry.terraform.io/hashicorp/local" is in the global cache
2026-08-15T18:29:13.527Z [DEBUG] Building and walking validate graph
2026-08-15T18:29:13.527Z [TRACE] building graph for walkValidate
2026-08-15T18:29:13.527Z [TRACE] Executing graph transform *terraform.ConfigTransformer
2026-08-15T18:29:13.527Z [TRACE] ConfigTransformer: Starting for path:
2026-08-15T18:29:13.527Z [TRACE] Executing graph transform *terraform.ActionTriggerConfigTransformer
2026-08-15T18:29:13.527Z [TRACE] Executing graph transform *terraform.ActionInvokePlanTransformer
2026-08-15T18:29:13.527Z [TRACE] Executing graph transform *terraform.RootVariableTransformer
2026-08-15T18:29:13.527Z [TRACE] Executing graph transform *terraform.ModuleVariableTransformer
2026-08-15T18:29:13.527Z [TRACE] Executing graph transform *terraform.variableValidationTransformer
2026-08-15T18:29:13.527Z [TRACE] variableValidationTransformer: adding validation nodes for any existing variable evaluation nodes
2026-08-15T18:29:13.527Z [TRACE] Executing graph transform *terraform.LocalTransformer
2026-08-15T18:29:13.527Z [TRACE] Executing graph transform *terraform.OutputTransformer
2026-08-15T18:29:13.527Z [TRACE] Executing graph transform *terraform.checkTransformer
2026-08-15T18:29:13.527Z [TRACE] Executing graph transform *terraform.OrphanResourceInstanceTransformer
2026-08-15T18:29:13.527Z [TRACE] Executing graph transform *terraform.StateTransformer
2026-08-15T18:29:13.527Z [TRACE] StateTransformer: pointless no-op call, creating no nodes at all
2026-08-15T18:29:13.527Z [TRACE] Executing graph transform *terraform.AttachStateTransformer
2026-08-15T18:29:13.527Z [TRACE] Executing graph transform *terraform.OrphanOutputTransformer
2026-08-15T18:29:13.527Z [TRACE] Executing graph transform *terraform.AttachResourceConfigTransformer
2026-08-15T18:29:13.527Z [TRACE] AttachResourceConfigTransformer: attaching to "local_file.demo" (*terraform.NodeValidatableResource) config from hcl.Range{Filename:"terraform.tf", Start:hcl.Pos{Line:10, Column:1, Byte:121}, End:hcl.Pos{Line:10, Column:29, Byte:149}}
2026-08-15T18:29:13.527Z [TRACE] AttachResourceConfigTransformer: attaching provider meta configs to local_file.demo
2026-08-15T18:29:13.527Z [TRACE] Executing graph transform *terraform.graphTransformerMulti
2026-08-15T18:29:13.527Z [TRACE] (graphTransformerMulti) Executing graph transform *terraform.externalProviderTransformer
2026-08-15T18:29:13.527Z [TRACE] (graphTransformerMulti) Completed graph transform *terraform.externalProviderTransformer with new graph:
  local_file.demo - *terraform.NodeValidatableResource
  ------
2026-08-15T18:29:13.527Z [TRACE] (graphTransformerMulti) Executing graph transform *terraform.ProviderConfigTransformer
2026-08-15T18:29:13.527Z [TRACE] (graphTransformerMulti) Completed graph transform *terraform.ProviderConfigTransformer with new graph:
  local_file.demo - *terraform.NodeValidatableResource
  provider["registry.terraform.io/hashicorp/local"] - *terraform.NodeApplyableProvider
  ------
2026-08-15T18:29:13.527Z [TRACE] (graphTransformerMulti) Executing graph transform *terraform.MissingProviderTransformer
2026-08-15T18:29:13.527Z [TRACE] (graphTransformerMulti) Completed graph transform *terraform.MissingProviderTransformer (no changes)
2026-08-15T18:29:13.527Z [TRACE] (graphTransformerMulti) Executing graph transform *terraform.ProviderTransformer
2026-08-15T18:29:13.527Z [TRACE] ProviderTransformer: exact match for provider["registry.terraform.io/hashicorp/local"] serving local_file.demo
2026-08-15T18:29:13.527Z [DEBUG] ProviderTransformer: "local_file.demo" (*terraform.NodeValidatableResource) needs provider["registry.terraform.io/hashicorp/local"]
2026-08-15T18:29:13.527Z [TRACE] (graphTransformerMulti) Completed graph transform *terraform.ProviderTransformer with new graph:
  local_file.demo - *terraform.NodeValidatableResource
    provider["registry.terraform.io/hashicorp/local"] - *terraform.NodeApplyableProvider
  provider["registry.terraform.io/hashicorp/local"] - *terraform.NodeApplyableProvider
  ------
2026-08-15T18:29:13.527Z [TRACE] (graphTransformerMulti) Executing graph transform *terraform.PruneProviderTransformer
2026-08-15T18:29:13.527Z [TRACE] (graphTransformerMulti) Completed graph transform *terraform.PruneProviderTransformer (no changes)
2026-08-15T18:29:13.527Z [TRACE] Executing graph transform *terraform.RemovedModuleTransformer
2026-08-15T18:29:13.527Z [TRACE] Executing graph transform *terraform.AttachSchemaTransformer
2026-08-15T18:29:13.527Z [TRACE] terraform.contextPlugins: Schema for provider "registry.terraform.io/hashicorp/local" is in the global cache
2026-08-15T18:29:13.527Z [TRACE] AttachSchemaTransformer: attaching resource schema to local_file.demo
2026-08-15T18:29:13.527Z [TRACE] terraform.contextPlugins: Schema for provider "registry.terraform.io/hashicorp/local" is in the global cache
2026-08-15T18:29:13.527Z [TRACE] AttachSchemaTransformer: attaching provider config schema to provider["registry.terraform.io/hashicorp/local"]
2026-08-15T18:29:13.527Z [TRACE] Executing graph transform *terraform.ModuleExpansionTransformer
2026-08-15T18:29:13.527Z [TRACE] Executing graph transform *terraform.ExternalReferenceTransformer
2026-08-15T18:29:13.527Z [TRACE] Executing graph transform *terraform.ReferenceTransformer
2026-08-15T18:29:13.527Z [DEBUG] ReferenceTransformer: "local_file.demo" references: []
2026-08-15T18:29:13.527Z [DEBUG] ReferenceTransformer: "provider[\"registry.terraform.io/hashicorp/local\"]" references: []
2026-08-15T18:29:13.527Z [TRACE] Executing graph transform *terraform.AttachDependenciesTransformer
2026-08-15T18:29:13.527Z [TRACE] Executing graph transform *terraform.attachDataResourceDependsOnTransformer
2026-08-15T18:29:13.527Z [TRACE] Executing graph transform *terraform.DestroyEdgeTransformer
2026-08-15T18:29:13.527Z [TRACE] Executing graph transform *terraform.pruneUnusedNodesTransformer
2026-08-15T18:29:13.527Z [TRACE] Executing graph transform *terraform.TargetsTransformer
2026-08-15T18:29:13.527Z [TRACE] Executing graph transform *terraform.QueryTransformer
2026-08-15T18:29:13.527Z [TRACE] Executing graph transform *terraform.ForcedCBDTransformer
2026-08-15T18:29:13.527Z [TRACE] ForcedCBDTransformer: "local_file.demo" (*terraform.NodeValidatableResource) has no CBD descendant, so skipping
2026-08-15T18:29:13.527Z [TRACE] Executing graph transform *terraform.ephemeralResourceCloseTransformer
2026-08-15T18:29:13.527Z [TRACE] Executing graph transform *terraform.CloseProviderTransformer
2026-08-15T18:29:13.527Z [TRACE] Executing graph transform *terraform.CloseRootModuleTransformer
2026-08-15T18:29:13.527Z [TRACE] Executing graph transform *terraform.TransitiveReductionTransformer
2026-08-15T18:29:13.527Z [TRACE] Completed graph transform:
local_file.demo - *terraform.NodeValidatableResource
  provider["registry.terraform.io/hashicorp/local"] - *terraform.NodeApplyableProvider
provider["registry.terraform.io/hashicorp/local"] - *terraform.NodeApplyableProvider
provider["registry.terraform.io/hashicorp/local"] (close) - *terraform.graphNodeCloseProvider
  local_file.demo - *terraform.NodeValidatableResource
root - *terraform.nodeCloseModule
  provider["registry.terraform.io/hashicorp/local"] (close) - *terraform.graphNodeCloseProvider
  ------
2026-08-15T18:29:13.527Z [DEBUG] Starting graph walk: walkValidate
2026-08-15T18:29:13.527Z [TRACE] vertex "provider[\"registry.terraform.io/hashicorp/local\"]": starting visit (*terraform.NodeApplyableProvider)
2026-08-15T18:29:13.527Z [TRACE] vertex "provider[\"registry.terraform.io/hashicorp/local\"]": belongs to
2026-08-15T18:29:13.527Z [DEBUG] created provider logger: level=trace
2026-08-15T18:29:13.527Z [INFO]  provider: configuring client automatic mTLS
2026-08-15T18:29:13.531Z [DEBUG] provider: starting plugin: path=.terraform/providers/registry.terraform.io/hashicorp/local/2.9.0/linux_amd64/terraform-provider-local_v2.9.0_x5 args=[".terraform/providers/registry.terraform.io/hashicorp/local/2.9.0/linux_amd64/terraform-provider-local_v2.9.0_x5"]
2026-08-15T18:29:13.532Z [DEBUG] provider: plugin started: path=.terraform/providers/registry.terraform.io/hashicorp/local/2.9.0/linux_amd64/terraform-provider-local_v2.9.0_x5 pid=3293
2026-08-15T18:29:13.532Z [DEBUG] provider: waiting for RPC address: plugin=.terraform/providers/registry.terraform.io/hashicorp/local/2.9.0/linux_amd64/terraform-provider-local_v2.9.0_x5
2026-08-15T18:29:13.536Z [INFO]  provider.terraform-provider-local_v2.9.0_x5: configuring server automatic mTLS: timestamp=2026-08-15T18:29:13.535Z
2026-08-15T18:29:13.546Z [DEBUG] provider: using plugin: version=5
2026-08-15T18:29:13.546Z [DEBUG] provider.terraform-provider-local_v2.9.0_x5: plugin address: address=/tmp/plugin1721765683 network=unix timestamp=2026-08-15T18:29:13.545Z
2026-08-15T18:29:13.554Z [TRACE] BuiltinEvalContext: Initialized "provider[\"registry.terraform.io/hashicorp/local\"]" provider for provider["registry.terraform.io/hashicorp/local"]
2026-08-15T18:29:13.554Z [TRACE] terraform.contextPlugins: Schema for provider "registry.terraform.io/hashicorp/local" is in the global cache
2026-08-15T18:29:13.554Z [TRACE] NodeApplyableProvider: validating configuration for provider["registry.terraform.io/hashicorp/local"]
2026-08-15T18:29:13.554Z [TRACE] provider.stdio: waiting for stdio data
2026-08-15T18:29:13.554Z [TRACE] buildProviderConfig for provider["registry.terraform.io/hashicorp/local"]: no configuration at all
2026-08-15T18:29:13.554Z [TRACE] vertex "provider[\"registry.terraform.io/hashicorp/local\"]": visit complete
2026-08-15T18:29:13.554Z [TRACE] vertex "local_file.demo": starting visit (*terraform.NodeValidatableResource)
2026-08-15T18:29:13.554Z [TRACE] vertex "local_file.demo": belongs to
2026-08-15T18:29:13.554Z [TRACE] terraform.contextPlugins: Schema for provider "registry.terraform.io/hashicorp/local" is in the global cache
2026-08-15T18:29:13.554Z [TRACE] terraform.contextPlugins: Schema for provider "registry.terraform.io/hashicorp/local" is in the global cache
2026-08-15T18:29:13.555Z [TRACE] Validating config for "local_file.demo"
2026-08-15T18:29:13.555Z [TRACE] GRPCProvider: ValidateResourceConfig
2026-08-15T18:29:13.555Z [TRACE] GRPCProvider: GetProviderSchema
2026-08-15T18:29:13.555Z [TRACE] GRPCProvider: returning cached schema: EXTRA_VALUE_AT_END=registry.terraform.io/hashicorp/local
2026-08-15T18:29:13.556Z [TRACE] provider.terraform-provider-local_v2.9.0_x5: Received request: @module=sdk.proto tf_provider_addr=registry.terraform.io/hashicorp/local tf_req_id=f6aa96e4-340c-9b50-1c1d-47532801f11e @caller=github.com/hashicorp/terraform-plugin-go@v0.31.0/tfprotov5/tf5server/server.go:762 tf_proto_version=5.11 tf_resource_type=local_file tf_rpc=ValidateResourceTypeConfig timestamp=2026-08-15T18:29:13.556Z
2026-08-15T18:29:13.556Z [TRACE] provider.terraform-provider-local_v2.9.0_x5: Announced client capabilities: @module=sdk.proto tf_client_capability_write_only_attributes_allowed=true tf_provider_addr=registry.terraform.io/hashicorp/local tf_rpc=ValidateResourceTypeConfig @caller=github.com/hashicorp/terraform-plugin-go@v0.31.0/tfprotov5/internal/tf5serverlogging/client_capabilities.go:24 tf_proto_version=5.11 tf_req_id=f6aa96e4-340c-9b50-1c1d-47532801f11e tf_resource_type=local_file timestamp=2026-08-15T18:29:13.556Z
2026-08-15T18:29:13.556Z [TRACE] provider.terraform-provider-local_v2.9.0_x5: Skipping protocol data file writing because no data directory is set. Use the TF_LOG_SDK_PROTO_DATA_DIR environment variable to enable this functionality.: @module=sdk.proto tf_proto_version=5.11 tf_resource_type=local_file @caller=github.com/hashicorp/terraform-plugin-go@v0.31.0/internal/logging/protocol_data.go:41 tf_provider_addr=registry.terraform.io/hashicorp/local tf_req_id=f6aa96e4-340c-9b50-1c1d-47532801f11e tf_rpc=ValidateResourceTypeConfig timestamp=2026-08-15T18:29:13.556Z
2026-08-15T18:29:13.556Z [TRACE] provider.terraform-provider-local_v2.9.0_x5: Sending request downstream: @caller=github.com/hashicorp/terraform-plugin-go@v0.31.0/tfprotov5/internal/tf5serverlogging/downstream_request.go:22 @module=sdk.proto tf_proto_version=5.11 tf_provider_addr=registry.terraform.io/hashicorp/local tf_req_id=f6aa96e4-340c-9b50-1c1d-47532801f11e tf_resource_type=local_file tf_rpc=ValidateResourceTypeConfig timestamp=2026-08-15T18:29:13.556Z
2026-08-15T18:29:13.556Z [TRACE] provider.terraform-provider-local_v2.9.0_x5: Checking ResourceTypes lock: tf_rpc=ValidateResourceTypeConfig tf_provider_addr=registry.terraform.io/hashicorp/local tf_req_id=f6aa96e4-340c-9b50-1c1d-47532801f11e @caller=github.com/hashicorp/terraform-plugin-framework@v1.19.0/internal/fwserver/server.go:649 @module=sdk.framework tf_resource_type=local_file timestamp=2026-08-15T18:29:13.556Z
2026-08-15T18:29:13.556Z [TRACE] provider.terraform-provider-local_v2.9.0_x5: Checking ProviderTypeName lock: tf_rpc=ValidateResourceTypeConfig @caller=github.com/hashicorp/terraform-plugin-framework@v1.19.0/internal/fwserver/server.go:476 @module=sdk.framework tf_req_id=f6aa96e4-340c-9b50-1c1d-47532801f11e tf_resource_type=local_file tf_provider_addr=registry.terraform.io/hashicorp/local timestamp=2026-08-15T18:29:13.556Z
2026-08-15T18:29:13.556Z [TRACE] provider.terraform-provider-local_v2.9.0_x5: Calling provider defined Provider Metadata: @caller=github.com/hashicorp/terraform-plugin-framework@v1.19.0/internal/fwserver/server.go:487 @module=sdk.framework tf_provider_addr=registry.terraform.io/hashicorp/local tf_req_id=f6aa96e4-340c-9b50-1c1d-47532801f11e tf_resource_type=local_file tf_rpc=ValidateResourceTypeConfig timestamp=2026-08-15T18:29:13.556Z
2026-08-15T18:29:13.556Z [TRACE] provider.terraform-provider-local_v2.9.0_x5: Called provider defined Provider Metadata: @caller=github.com/hashicorp/terraform-plugin-framework@v1.19.0/internal/fwserver/server.go:489 @module=sdk.framework tf_provider_addr=registry.terraform.io/hashicorp/local tf_req_id=f6aa96e4-340c-9b50-1c1d-47532801f11e tf_resource_type=local_file tf_rpc=ValidateResourceTypeConfig timestamp=2026-08-15T18:29:13.556Z
2026-08-15T18:29:13.556Z [TRACE] provider.terraform-provider-local_v2.9.0_x5: Calling provider defined Provider Resources: tf_rpc=ValidateResourceTypeConfig @module=sdk.framework tf_req_id=f6aa96e4-340c-9b50-1c1d-47532801f11e tf_resource_type=local_file @caller=github.com/hashicorp/terraform-plugin-framework@v1.19.0/internal/fwserver/server.go:660 tf_provider_addr=registry.terraform.io/hashicorp/local timestamp=2026-08-15T18:29:13.556Z
2026-08-15T18:29:13.556Z [TRACE] provider.terraform-provider-local_v2.9.0_x5: Called provider defined Provider Resources: @caller=github.com/hashicorp/terraform-plugin-framework@v1.19.0/internal/fwserver/server.go:662 @module=sdk.framework tf_req_id=f6aa96e4-340c-9b50-1c1d-47532801f11e tf_resource_type=local_file tf_rpc=ValidateResourceTypeConfig tf_provider_addr=registry.terraform.io/hashicorp/local timestamp=2026-08-15T18:29:13.556Z
2026-08-15T18:29:13.556Z [TRACE] provider.terraform-provider-local_v2.9.0_x5: Found resource type: tf_provider_addr=registry.terraform.io/hashicorp/local tf_resource_type=local_file @module=sdk.framework tf_req_id=f6aa96e4-340c-9b50-1c1d-47532801f11e tf_rpc=ValidateResourceTypeConfig @caller=github.com/hashicorp/terraform-plugin-framework@v1.19.0/internal/fwserver/server.go:683 timestamp=2026-08-15T18:29:13.556Z
2026-08-15T18:29:13.556Z [TRACE] provider.terraform-provider-local_v2.9.0_x5: Found resource type: @caller=github.com/hashicorp/terraform-plugin-framework@v1.19.0/internal/fwserver/server.go:683 tf_provider_addr=registry.terraform.io/hashicorp/local tf_req_id=f6aa96e4-340c-9b50-1c1d-47532801f11e tf_resource_type=local_sensitive_file tf_rpc=ValidateResourceTypeConfig @module=sdk.framework timestamp=2026-08-15T18:29:13.556Z
2026-08-15T18:29:13.556Z [TRACE] provider.terraform-provider-local_v2.9.0_x5: Checking ResourceTypes lock: @module=sdk.framework tf_resource_type=local_file @caller=github.com/hashicorp/terraform-plugin-framework@v1.19.0/internal/fwserver/server.go:649 tf_provider_addr=registry.terraform.io/hashicorp/local tf_req_id=f6aa96e4-340c-9b50-1c1d-47532801f11e tf_rpc=ValidateResourceTypeConfig timestamp=2026-08-15T18:29:13.556Z
2026-08-15T18:29:13.556Z [TRACE] provider.terraform-provider-local_v2.9.0_x5: Calling provider defined Resource Schema method: @caller=github.com/hashicorp/terraform-plugin-framework@v1.19.0/internal/fwserver/server.go:741 tf_req_id=f6aa96e4-340c-9b50-1c1d-47532801f11e tf_resource_type=local_file @module=sdk.framework tf_provider_addr=registry.terraform.io/hashicorp/local tf_rpc=ValidateResourceTypeConfig timestamp=2026-08-15T18:29:13.556Z
2026-08-15T18:29:13.556Z [TRACE] provider.terraform-provider-local_v2.9.0_x5: Called provider defined Resource Schema method: @module=sdk.framework tf_req_id=f6aa96e4-340c-9b50-1c1d-47532801f11e @caller=github.com/hashicorp/terraform-plugin-framework@v1.19.0/internal/fwserver/server.go:743 tf_provider_addr=registry.terraform.io/hashicorp/local tf_resource_type=local_file tf_rpc=ValidateResourceTypeConfig timestamp=2026-08-15T18:29:13.556Z
2026-08-15T18:29:13.556Z [TRACE] provider.terraform-provider-local_v2.9.0_x5: Calling provider defined validator.String: @module=sdk.framework tf_provider_addr=registry.terraform.io/hashicorp/local tf_req_id=f6aa96e4-340c-9b50-1c1d-47532801f11e tf_resource_type=local_file @caller=github.com/hashicorp/terraform-plugin-framework@v1.19.0/internal/fwserver/attribute_validation.go:908 description="Ensure that one and only one attribute from this collection is set: \"[sensitive_content,content_base64,source]\"" tf_attribute_path=content tf_rpc=ValidateResourceTypeConfig timestamp=2026-08-15T18:29:13.556Z
2026-08-15T18:29:13.556Z [TRACE] provider.terraform-provider-local_v2.9.0_x5: Called provider defined validator.String: description="Ensure that one and only one attribute from this collection is set: \"[sensitive_content,content_base64,source]\"" tf_attribute_path=content tf_provider_addr=registry.terraform.io/hashicorp/local tf_resource_type=local_file tf_req_id=f6aa96e4-340c-9b50-1c1d-47532801f11e tf_rpc=ValidateResourceTypeConfig @caller=github.com/hashicorp/terraform-plugin-framework@v1.19.0/internal/fwserver/attribute_validation.go:918 @module=sdk.framework timestamp=2026-08-15T18:29:13.556Z
2026-08-15T18:29:13.556Z [TRACE] provider.terraform-provider-local_v2.9.0_x5: Calling provider defined validator.String: description="Ensure that one and only one attribute from this collection is set: \"[content,sensitive_content,source]\"" tf_provider_addr=registry.terraform.io/hashicorp/local tf_req_id=f6aa96e4-340c-9b50-1c1d-47532801f11e tf_rpc=ValidateResourceTypeConfig @caller=github.com/hashicorp/terraform-plugin-framework@v1.19.0/internal/fwserver/attribute_validation.go:908 @module=sdk.framework tf_attribute_path=content_base64 tf_resource_type=local_file timestamp=2026-08-15T18:29:13.556Z
2026-08-15T18:29:13.556Z [TRACE] provider.terraform-provider-local_v2.9.0_x5: Called provider defined validator.String: tf_provider_addr=registry.terraform.io/hashicorp/local tf_rpc=ValidateResourceTypeConfig description="Ensure that one and only one attribute from this collection is set: \"[content,sensitive_content,source]\"" tf_attribute_path=content_base64 tf_req_id=f6aa96e4-340c-9b50-1c1d-47532801f11e tf_resource_type=local_file @caller=github.com/hashicorp/terraform-plugin-framework@v1.19.0/internal/fwserver/attribute_validation.go:918 @module=sdk.framework timestamp=2026-08-15T18:29:13.556Z
2026-08-15T18:29:13.557Z [TRACE] provider.terraform-provider-local_v2.9.0_x5: Calling provider defined validator.String: @caller=github.com/hashicorp/terraform-plugin-framework@v1.19.0/internal/fwserver/attribute_validation.go:908 description="Ensure that one and only one attribute from this collection is set: \"[content,content_base64,source]\"" tf_provider_addr=registry.terraform.io/hashicorp/local tf_req_id=f6aa96e4-340c-9b50-1c1d-47532801f11e tf_rpc=ValidateResourceTypeConfig @module=sdk.framework tf_attribute_path=sensitive_content tf_resource_type=local_file timestamp=2026-08-15T18:29:13.556Z
2026-08-15T18:29:13.557Z [TRACE] provider.terraform-provider-local_v2.9.0_x5: Called provider defined validator.String: @caller=github.com/hashicorp/terraform-plugin-framework@v1.19.0/internal/fwserver/attribute_validation.go:918 @module=sdk.framework description="Ensure that one and only one attribute from this collection is set: \"[content,content_base64,source]\"" tf_attribute_path=sensitive_content tf_provider_addr=registry.terraform.io/hashicorp/local tf_req_id=f6aa96e4-340c-9b50-1c1d-47532801f11e tf_resource_type=local_file tf_rpc=ValidateResourceTypeConfig timestamp=2026-08-15T18:29:13.556Z
2026-08-15T18:29:13.557Z [TRACE] provider.terraform-provider-local_v2.9.0_x5: Calling provider defined validator.String: tf_req_id=f6aa96e4-340c-9b50-1c1d-47532801f11e @caller=github.com/hashicorp/terraform-plugin-framework@v1.19.0/internal/fwserver/attribute_validation.go:908 description="Ensure that one and only one attribute from this collection is set: \"[content,sensitive_content,content_base64]\"" tf_resource_type=local_file tf_rpc=ValidateResourceTypeConfig @module=sdk.framework tf_attribute_path=source tf_provider_addr=registry.terraform.io/hashicorp/local timestamp=2026-08-15T18:29:13.556Z
2026-08-15T18:29:13.557Z [TRACE] provider.terraform-provider-local_v2.9.0_x5: Called provider defined validator.String: @module=sdk.framework description="Ensure that one and only one attribute from this collection is set: \"[content,sensitive_content,content_base64]\"" tf_provider_addr=registry.terraform.io/hashicorp/local @caller=github.com/hashicorp/terraform-plugin-framework@v1.19.0/internal/fwserver/attribute_validation.go:918 tf_attribute_path=source tf_req_id=f6aa96e4-340c-9b50-1c1d-47532801f11e tf_resource_type=local_file tf_rpc=ValidateResourceTypeConfig timestamp=2026-08-15T18:29:13.557Z
2026-08-15T18:29:13.557Z [TRACE] provider.terraform-provider-local_v2.9.0_x5: Value implements ValidateableAttribute: tf_req_id=f6aa96e4-340c-9b50-1c1d-47532801f11e tf_provider_addr=registry.terraform.io/hashicorp/local tf_resource_type=local_file tf_rpc=ValidateResourceTypeConfig @caller=github.com/hashicorp/terraform-plugin-framework@v1.19.0/internal/fwschemadata/data_value.go:96 @module=sdk.framework tf_attribute_path=file_permission timestamp=2026-08-15T18:29:13.557Z
2026-08-15T18:29:13.557Z [TRACE] provider.terraform-provider-local_v2.9.0_x5: Calling provider defined Value ValidateAttribute: @caller=github.com/hashicorp/terraform-plugin-framework@v1.19.0/internal/fwschemadata/data_value.go:97 @module=sdk.framework tf_provider_addr=registry.terraform.io/hashicorp/local tf_attribute_path=file_permission tf_req_id=f6aa96e4-340c-9b50-1c1d-47532801f11e tf_resource_type=local_file tf_rpc=ValidateResourceTypeConfig timestamp=2026-08-15T18:29:13.557Z
2026-08-15T18:29:13.557Z [TRACE] provider.terraform-provider-local_v2.9.0_x5: Called provider defined Value ValidateAttribute: @module=sdk.framework tf_provider_addr=registry.terraform.io/hashicorp/local tf_resource_type=local_file tf_rpc=ValidateResourceTypeConfig tf_attribute_path=file_permission tf_req_id=f6aa96e4-340c-9b50-1c1d-47532801f11e @caller=github.com/hashicorp/terraform-plugin-framework@v1.19.0/internal/fwschemadata/data_value.go:108 timestamp=2026-08-15T18:29:13.557Z
2026-08-15T18:29:13.557Z [TRACE] provider.terraform-provider-local_v2.9.0_x5: Value implements ValidateableAttribute: tf_provider_addr=registry.terraform.io/hashicorp/local tf_req_id=f6aa96e4-340c-9b50-1c1d-47532801f11e @caller=github.com/hashicorp/terraform-plugin-framework@v1.19.0/internal/fwschemadata/data_value.go:96 tf_attribute_path=directory_permission tf_resource_type=local_file tf_rpc=ValidateResourceTypeConfig @module=sdk.framework timestamp=2026-08-15T18:29:13.557Z
2026-08-15T18:29:13.557Z [TRACE] provider.terraform-provider-local_v2.9.0_x5: Calling provider defined Value ValidateAttribute: @caller=github.com/hashicorp/terraform-plugin-framework@v1.19.0/internal/fwschemadata/data_value.go:97 @module=sdk.framework tf_provider_addr=registry.terraform.io/hashicorp/local tf_resource_type=local_file tf_attribute_path=directory_permission tf_req_id=f6aa96e4-340c-9b50-1c1d-47532801f11e tf_rpc=ValidateResourceTypeConfig timestamp=2026-08-15T18:29:13.557Z
2026-08-15T18:29:13.557Z [TRACE] provider.terraform-provider-local_v2.9.0_x5: Called provider defined Value ValidateAttribute: tf_rpc=ValidateResourceTypeConfig @module=sdk.framework tf_provider_addr=registry.terraform.io/hashicorp/local tf_req_id=f6aa96e4-340c-9b50-1c1d-47532801f11e tf_resource_type=local_file @caller=github.com/hashicorp/terraform-plugin-framework@v1.19.0/internal/fwschemadata/data_value.go:108 tf_attribute_path=directory_permission timestamp=2026-08-15T18:29:13.557Z
2026-08-15T18:29:13.557Z [TRACE] provider.terraform-provider-local_v2.9.0_x5: Received downstream response: @module=sdk.proto tf_proto_version=5.11 tf_provider_addr=registry.terraform.io/hashicorp/local tf_req_duration_ms=0 tf_rpc=ValidateResourceTypeConfig @caller=github.com/hashicorp/terraform-plugin-go@v0.31.0/tfprotov5/internal/tf5serverlogging/downstream_request.go:61 diagnostic_error_count=0 diagnostic_warning_count=0 tf_req_id=f6aa96e4-340c-9b50-1c1d-47532801f11e tf_resource_type=local_file timestamp=2026-08-15T18:29:13.557Z
2026-08-15T18:29:13.557Z [TRACE] provider.terraform-provider-local_v2.9.0_x5: Served request: tf_provider_addr=registry.terraform.io/hashicorp/local tf_proto_version=5.11 tf_req_id=f6aa96e4-340c-9b50-1c1d-47532801f11e tf_resource_type=local_file tf_rpc=ValidateResourceTypeConfig @caller=github.com/hashicorp/terraform-plugin-go@v0.31.0/tfprotov5/tf5server/server.go:783 @module=sdk.proto timestamp=2026-08-15T18:29:13.557Z
2026-08-15T18:29:13.557Z [TRACE] vertex "local_file.demo": visit complete
2026-08-15T18:29:13.557Z [TRACE] vertex "provider[\"registry.terraform.io/hashicorp/local\"] (close)": starting visit (*terraform.graphNodeCloseProvider)
2026-08-15T18:29:13.557Z [TRACE] vertex "provider[\"registry.terraform.io/hashicorp/local\"] (close)": does not belong to any module instance
2026-08-15T18:29:13.557Z [TRACE] GRPCProvider: Close
2026-08-15T18:29:13.558Z [DEBUG] provider.stdio: received EOF, stopping recv loop: err="rpc error: code = Unavailable desc = error reading from server: EOF"
2026-08-15T18:29:13.559Z [INFO]  provider: plugin process exited: plugin=.terraform/providers/registry.terraform.io/hashicorp/local/2.9.0/linux_amd64/terraform-provider-local_v2.9.0_x5 id=3293
2026-08-15T18:29:13.559Z [DEBUG] provider: plugin exited
2026-08-15T18:29:13.559Z [TRACE] vertex "provider[\"registry.terraform.io/hashicorp/local\"] (close)": visit complete
2026-08-15T18:29:13.559Z [TRACE] vertex "root": starting visit (*terraform.nodeCloseModule)
2026-08-15T18:29:13.559Z [TRACE] vertex "root": does not belong to any module instance
2026-08-15T18:29:13.559Z [TRACE] vertex "root": visit complete
2026-08-15T18:29:13.559Z [TRACE] LoadSchemas: retrieving schema for provider type "registry.terraform.io/hashicorp/local"
2026-08-15T18:29:13.559Z [TRACE] terraform.contextPlugins: Schema for provider "registry.terraform.io/hashicorp/local" is in the global cache
2026-08-15T18:29:13.560Z [INFO]  backend/local: apply calling Plan
2026-08-15T18:29:13.560Z [DEBUG] Building and walking plan graph for NormalMode
2026-08-15T18:29:13.560Z [TRACE] building graph for walkPlan
2026-08-15T18:29:13.560Z [TRACE] Executing graph transform *terraform.ConfigTransformer
2026-08-15T18:29:13.560Z [TRACE] ConfigTransformer: Starting for path:
2026-08-15T18:29:13.560Z [TRACE] Executing graph transform *terraform.ActionTriggerConfigTransformer
2026-08-15T18:29:13.560Z [TRACE] Executing graph transform *terraform.ActionInvokePlanTransformer
2026-08-15T18:29:13.560Z [TRACE] Executing graph transform *terraform.RootVariableTransformer
2026-08-15T18:29:13.560Z [TRACE] Executing graph transform *terraform.ModuleVariableTransformer
2026-08-15T18:29:13.560Z [TRACE] Executing graph transform *terraform.variableValidationTransformer
2026-08-15T18:29:13.560Z [TRACE] variableValidationTransformer: adding validation nodes for any existing variable evaluation nodes
2026-08-15T18:29:13.560Z [TRACE] Executing graph transform *terraform.LocalTransformer
2026-08-15T18:29:13.560Z [TRACE] Executing graph transform *terraform.OutputTransformer
2026-08-15T18:29:13.560Z [TRACE] Executing graph transform *terraform.checkTransformer
2026-08-15T18:29:13.560Z [TRACE] Executing graph transform *terraform.OrphanResourceInstanceTransformer
2026-08-15T18:29:13.560Z [TRACE] Executing graph transform *terraform.StateTransformer
2026-08-15T18:29:13.560Z [TRACE] StateTransformer: creating nodes for deposed instance objects only
2026-08-15T18:29:13.560Z [TRACE] Executing graph transform *terraform.AttachStateTransformer
2026-08-15T18:29:13.560Z [TRACE] Executing graph transform *terraform.OrphanOutputTransformer
2026-08-15T18:29:13.560Z [TRACE] Executing graph transform *terraform.AttachResourceConfigTransformer
2026-08-15T18:29:13.560Z [TRACE] AttachResourceConfigTransformer: attaching to "local_file.demo (expand)" (*terraform.nodeExpandPlannableResource) config from hcl.Range{Filename:"terraform.tf", Start:hcl.Pos{Line:10, Column:1, Byte:121}, End:hcl.Pos{Line:10, Column:29, Byte:149}}
2026-08-15T18:29:13.560Z [TRACE] AttachResourceConfigTransformer: attaching provider meta configs to local_file.demo (expand)
2026-08-15T18:29:13.560Z [TRACE] Executing graph transform *terraform.graphTransformerMulti
2026-08-15T18:29:13.560Z [TRACE] (graphTransformerMulti) Executing graph transform *terraform.externalProviderTransformer
2026-08-15T18:29:13.560Z [TRACE] (graphTransformerMulti) Completed graph transform *terraform.externalProviderTransformer with new graph:
  local_file.demo (expand) - *terraform.nodeExpandPlannableResource
  ------
2026-08-15T18:29:13.560Z [TRACE] (graphTransformerMulti) Executing graph transform *terraform.ProviderConfigTransformer
2026-08-15T18:29:13.560Z [TRACE] (graphTransformerMulti) Completed graph transform *terraform.ProviderConfigTransformer with new graph:
  local_file.demo (expand) - *terraform.nodeExpandPlannableResource
  provider["registry.terraform.io/hashicorp/local"] - *terraform.NodeApplyableProvider
  ------
2026-08-15T18:29:13.560Z [TRACE] (graphTransformerMulti) Executing graph transform *terraform.MissingProviderTransformer
2026-08-15T18:29:13.560Z [TRACE] (graphTransformerMulti) Completed graph transform *terraform.MissingProviderTransformer (no changes)
2026-08-15T18:29:13.560Z [TRACE] (graphTransformerMulti) Executing graph transform *terraform.ProviderTransformer
2026-08-15T18:29:13.560Z [TRACE] ProviderTransformer: exact match for provider["registry.terraform.io/hashicorp/local"] serving local_file.demo (expand)
2026-08-15T18:29:13.560Z [DEBUG] ProviderTransformer: "local_file.demo (expand)" (*terraform.nodeExpandPlannableResource) needs provider["registry.terraform.io/hashicorp/local"]
2026-08-15T18:29:13.560Z [TRACE] (graphTransformerMulti) Completed graph transform *terraform.ProviderTransformer with new graph:
  local_file.demo (expand) - *terraform.nodeExpandPlannableResource
    provider["registry.terraform.io/hashicorp/local"] - *terraform.NodeApplyableProvider
  provider["registry.terraform.io/hashicorp/local"] - *terraform.NodeApplyableProvider
  ------
2026-08-15T18:29:13.560Z [TRACE] (graphTransformerMulti) Executing graph transform *terraform.PruneProviderTransformer
2026-08-15T18:29:13.560Z [TRACE] (graphTransformerMulti) Completed graph transform *terraform.PruneProviderTransformer (no changes)
2026-08-15T18:29:13.560Z [TRACE] Executing graph transform *terraform.RemovedModuleTransformer
2026-08-15T18:29:13.560Z [TRACE] Executing graph transform *terraform.AttachSchemaTransformer
2026-08-15T18:29:13.560Z [TRACE] terraform.contextPlugins: Schema for provider "registry.terraform.io/hashicorp/local" is in the global cache
2026-08-15T18:29:13.560Z [TRACE] AttachSchemaTransformer: attaching resource schema to local_file.demo (expand)
2026-08-15T18:29:13.560Z [TRACE] terraform.contextPlugins: Schema for provider "registry.terraform.io/hashicorp/local" is in the global cache
2026-08-15T18:29:13.560Z [TRACE] AttachSchemaTransformer: attaching provider config schema to provider["registry.terraform.io/hashicorp/local"]
2026-08-15T18:29:13.560Z [TRACE] Executing graph transform *terraform.ModuleExpansionTransformer
2026-08-15T18:29:13.560Z [TRACE] Executing graph transform *terraform.ExternalReferenceTransformer
2026-08-15T18:29:13.560Z [TRACE] Executing graph transform *terraform.ReferenceTransformer
2026-08-15T18:29:13.560Z [DEBUG] ReferenceTransformer: "local_file.demo (expand)" references: []
2026-08-15T18:29:13.560Z [DEBUG] ReferenceTransformer: "provider[\"registry.terraform.io/hashicorp/local\"]" references: []
2026-08-15T18:29:13.560Z [TRACE] Executing graph transform *terraform.AttachDependenciesTransformer
2026-08-15T18:29:13.560Z [TRACE] AttachDependenciesTransformer: local_file.demo (expand) depends on []
2026-08-15T18:29:13.560Z [TRACE] Executing graph transform *terraform.attachDataResourceDependsOnTransformer
2026-08-15T18:29:13.560Z [TRACE] Executing graph transform *terraform.DestroyEdgeTransformer
2026-08-15T18:29:13.560Z [TRACE] Executing graph transform *terraform.pruneUnusedNodesTransformer
2026-08-15T18:29:13.560Z [TRACE] Executing graph transform *terraform.TargetsTransformer
2026-08-15T18:29:13.560Z [TRACE] Executing graph transform *terraform.QueryTransformer
2026-08-15T18:29:13.560Z [TRACE] Executing graph transform *terraform.ForcedCBDTransformer
2026-08-15T18:29:13.560Z [TRACE] ForcedCBDTransformer: "local_file.demo (expand)" (*terraform.nodeExpandPlannableResource) has no CBD descendant, so skipping
2026-08-15T18:29:13.560Z [TRACE] Executing graph transform *terraform.ephemeralResourceCloseTransformer
2026-08-15T18:29:13.560Z [TRACE] Executing graph transform *terraform.CloseProviderTransformer
2026-08-15T18:29:13.560Z [TRACE] Executing graph transform *terraform.CloseRootModuleTransformer
2026-08-15T18:29:13.560Z [TRACE] Executing graph transform *terraform.TransitiveReductionTransformer
2026-08-15T18:29:13.560Z [TRACE] Completed graph transform:
local_file.demo (expand) - *terraform.nodeExpandPlannableResource
  provider["registry.terraform.io/hashicorp/local"] - *terraform.NodeApplyableProvider
provider["registry.terraform.io/hashicorp/local"] - *terraform.NodeApplyableProvider
provider["registry.terraform.io/hashicorp/local"] (close) - *terraform.graphNodeCloseProvider
  local_file.demo (expand) - *terraform.nodeExpandPlannableResource
root - *terraform.nodeCloseModule
  provider["registry.terraform.io/hashicorp/local"] (close) - *terraform.graphNodeCloseProvider
  ------
2026-08-15T18:29:13.560Z [DEBUG] Starting graph walk: walkPlan
2026-08-15T18:29:13.560Z [TRACE] vertex "provider[\"registry.terraform.io/hashicorp/local\"]": starting visit (*terraform.NodeApplyableProvider)
2026-08-15T18:29:13.560Z [TRACE] vertex "provider[\"registry.terraform.io/hashicorp/local\"]": belongs to
2026-08-15T18:29:13.560Z [DEBUG] created provider logger: level=trace
2026-08-15T18:29:13.560Z [INFO]  provider: configuring client automatic mTLS
2026-08-15T18:29:13.565Z [DEBUG] provider: starting plugin: path=.terraform/providers/registry.terraform.io/hashicorp/local/2.9.0/linux_amd64/terraform-provider-local_v2.9.0_x5 args=[".terraform/providers/registry.terraform.io/hashicorp/local/2.9.0/linux_amd64/terraform-provider-local_v2.9.0_x5"]
2026-08-15T18:29:13.565Z [DEBUG] provider: plugin started: path=.terraform/providers/registry.terraform.io/hashicorp/local/2.9.0/linux_amd64/terraform-provider-local_v2.9.0_x5 pid=3303
2026-08-15T18:29:13.565Z [DEBUG] provider: waiting for RPC address: plugin=.terraform/providers/registry.terraform.io/hashicorp/local/2.9.0/linux_amd64/terraform-provider-local_v2.9.0_x5
2026-08-15T18:29:13.572Z [INFO]  provider.terraform-provider-local_v2.9.0_x5: configuring server automatic mTLS: timestamp=2026-08-15T18:29:13.572Z
2026-08-15T18:29:13.585Z [DEBUG] provider.terraform-provider-local_v2.9.0_x5: plugin address: address=/tmp/plugin1069248424 network=unix timestamp=2026-08-15T18:29:13.584Z
2026-08-15T18:29:13.585Z [DEBUG] provider: using plugin: version=5
2026-08-15T18:29:13.595Z [TRACE] BuiltinEvalContext: Initialized "provider[\"registry.terraform.io/hashicorp/local\"]" provider for provider["registry.terraform.io/hashicorp/local"]
2026-08-15T18:29:13.595Z [TRACE] terraform.contextPlugins: Schema for provider "registry.terraform.io/hashicorp/local" is in the global cache
2026-08-15T18:29:13.595Z [TRACE] provider.stdio: waiting for stdio data
2026-08-15T18:29:13.595Z [TRACE] NodeApplyableProvider: configuring provider["registry.terraform.io/hashicorp/local"]
2026-08-15T18:29:13.595Z [TRACE] buildProviderConfig for provider["registry.terraform.io/hashicorp/local"]: no configuration at all
2026-08-15T18:29:13.595Z [TRACE] GRPCProvider: GetProviderSchema
2026-08-15T18:29:13.595Z [TRACE] GRPCProvider: returning cached schema: EXTRA_VALUE_AT_END=registry.terraform.io/hashicorp/local
2026-08-15T18:29:13.595Z [TRACE] terraform.contextPlugins: Schema for provider "registry.terraform.io/hashicorp/local" is in the global cache
2026-08-15T18:29:13.595Z [TRACE] GRPCProvider: ValidateProviderConfig
2026-08-15T18:29:13.595Z [TRACE] GRPCProvider: GetProviderSchema
2026-08-15T18:29:13.595Z [TRACE] GRPCProvider: returning cached schema: EXTRA_VALUE_AT_END=registry.terraform.io/hashicorp/local
2026-08-15T18:29:13.596Z [TRACE] provider.terraform-provider-local_v2.9.0_x5: Received request: @caller=github.com/hashicorp/terraform-plugin-go@v0.31.0/tfprotov5/tf5server/server.go:597 @module=sdk.proto tf_proto_version=5.11 tf_req_id=9669e7b6-58b8-0666-8e20-0187de88e172 tf_provider_addr=registry.terraform.io/hashicorp/local tf_rpc=PrepareProviderConfig timestamp=2026-08-15T18:29:13.596Z
2026-08-15T18:29:13.596Z [TRACE] provider.terraform-provider-local_v2.9.0_x5: Skipping protocol data file writing because no data directory is set. Use the TF_LOG_SDK_PROTO_DATA_DIR environment variable to enable this functionality.: tf_provider_addr=registry.terraform.io/hashicorp/local tf_rpc=PrepareProviderConfig tf_proto_version=5.11 tf_req_id=9669e7b6-58b8-0666-8e20-0187de88e172 @caller=github.com/hashicorp/terraform-plugin-go@v0.31.0/internal/logging/protocol_data.go:41 @module=sdk.proto timestamp=2026-08-15T18:29:13.596Z
2026-08-15T18:29:13.596Z [TRACE] provider.terraform-provider-local_v2.9.0_x5: Sending request downstream: @caller=github.com/hashicorp/terraform-plugin-go@v0.31.0/tfprotov5/internal/tf5serverlogging/downstream_request.go:22 tf_provider_addr=registry.terraform.io/hashicorp/local tf_req_id=9669e7b6-58b8-0666-8e20-0187de88e172 @module=sdk.proto tf_proto_version=5.11 tf_rpc=PrepareProviderConfig timestamp=2026-08-15T18:29:13.596Z
2026-08-15T18:29:13.596Z [TRACE] provider.terraform-provider-local_v2.9.0_x5: Checking ProviderSchema lock: tf_req_id=9669e7b6-58b8-0666-8e20-0187de88e172 tf_rpc=PrepareProviderConfig @caller=github.com/hashicorp/terraform-plugin-framework@v1.19.0/internal/fwserver/server.go:499 @module=sdk.framework tf_provider_addr=registry.terraform.io/hashicorp/local timestamp=2026-08-15T18:29:13.596Z
2026-08-15T18:29:13.596Z [TRACE] provider.terraform-provider-local_v2.9.0_x5: Calling provider defined Provider Schema: tf_provider_addr=registry.terraform.io/hashicorp/local tf_req_id=9669e7b6-58b8-0666-8e20-0187de88e172 tf_rpc=PrepareProviderConfig @caller=github.com/hashicorp/terraform-plugin-framework@v1.19.0/internal/fwserver/server.go:510 @module=sdk.framework timestamp=2026-08-15T18:29:13.596Z
2026-08-15T18:29:13.596Z [TRACE] provider.terraform-provider-local_v2.9.0_x5: Called provider defined Provider Schema: @module=sdk.framework tf_provider_addr=registry.terraform.io/hashicorp/local tf_req_id=9669e7b6-58b8-0666-8e20-0187de88e172 tf_rpc=PrepareProviderConfig @caller=github.com/hashicorp/terraform-plugin-framework@v1.19.0/internal/fwserver/server.go:512 timestamp=2026-08-15T18:29:13.596Z
2026-08-15T18:29:13.596Z [TRACE] provider.terraform-provider-local_v2.9.0_x5: Received downstream response: tf_proto_version=5.11 tf_provider_addr=registry.terraform.io/hashicorp/local tf_rpc=PrepareProviderConfig @module=sdk.proto diagnostic_error_count=0 diagnostic_warning_count=0 tf_req_duration_ms=0 tf_req_id=9669e7b6-58b8-0666-8e20-0187de88e172 @caller=github.com/hashicorp/terraform-plugin-go@v0.31.0/tfprotov5/internal/tf5serverlogging/downstream_request.go:61 timestamp=2026-08-15T18:29:13.596Z
2026-08-15T18:29:13.596Z [TRACE] provider.terraform-provider-local_v2.9.0_x5: Served request: @caller=github.com/hashicorp/terraform-plugin-go@v0.31.0/tfprotov5/tf5server/server.go:618 @module=sdk.proto tf_provider_addr=registry.terraform.io/hashicorp/local tf_req_id=9669e7b6-58b8-0666-8e20-0187de88e172 tf_rpc=PrepareProviderConfig tf_proto_version=5.11 timestamp=2026-08-15T18:29:13.596Z
2026-08-15T18:29:13.597Z [TRACE] GRPCProvider: ConfigureProvider
2026-08-15T18:29:13.597Z [TRACE] GRPCProvider: GetProviderSchema
2026-08-15T18:29:13.597Z [TRACE] GRPCProvider: returning cached schema: EXTRA_VALUE_AT_END=registry.terraform.io/hashicorp/local
2026-08-15T18:29:13.598Z [TRACE] provider.terraform-provider-local_v2.9.0_x5: Received request: @module=sdk.proto @caller=github.com/hashicorp/terraform-plugin-go@v0.31.0/tfprotov5/tf5server/server.go:626 tf_proto_version=5.11 tf_provider_addr=registry.terraform.io/hashicorp/local tf_req_id=2619f1f5-4ec7-ec1e-1d90-dd8ebaf32611 tf_rpc=Configure timestamp=2026-08-15T18:29:13.597Z
2026-08-15T18:29:13.598Z [TRACE] provider.terraform-provider-local_v2.9.0_x5: Announced client capabilities: tf_client_capability_deferral_allowed=false tf_proto_version=5.11 tf_rpc=Configure @caller=github.com/hashicorp/terraform-plugin-go@v0.31.0/tfprotov5/internal/tf5serverlogging/client_capabilities.go:38 @module=sdk.proto tf_provider_addr=registry.terraform.io/hashicorp/local tf_req_id=2619f1f5-4ec7-ec1e-1d90-dd8ebaf32611 timestamp=2026-08-15T18:29:13.597Z
2026-08-15T18:29:13.598Z [TRACE] provider.terraform-provider-local_v2.9.0_x5: Sending request downstream: @caller=github.com/hashicorp/terraform-plugin-go@v0.31.0/tfprotov5/internal/tf5serverlogging/downstream_request.go:22 tf_rpc=Configure @module=sdk.proto tf_proto_version=5.11 tf_provider_addr=registry.terraform.io/hashicorp/local tf_req_id=2619f1f5-4ec7-ec1e-1d90-dd8ebaf32611 timestamp=2026-08-15T18:29:13.597Z
2026-08-15T18:29:13.598Z [TRACE] provider.terraform-provider-local_v2.9.0_x5: Checking ProviderSchema lock: tf_provider_addr=registry.terraform.io/hashicorp/local tf_req_id=2619f1f5-4ec7-ec1e-1d90-dd8ebaf32611 tf_rpc=Configure @caller=github.com/hashicorp/terraform-plugin-framework@v1.19.0/internal/fwserver/server.go:499 @module=sdk.framework timestamp=2026-08-15T18:29:13.597Z
2026-08-15T18:29:13.598Z [TRACE] provider.terraform-provider-local_v2.9.0_x5: Calling provider defined Provider Configure: @module=sdk.framework tf_provider_addr=registry.terraform.io/hashicorp/local tf_req_id=2619f1f5-4ec7-ec1e-1d90-dd8ebaf32611 tf_rpc=Configure @caller=github.com/hashicorp/terraform-plugin-framework@v1.19.0/internal/fwserver/server_configureprovider.go:15 timestamp=2026-08-15T18:29:13.598Z
2026-08-15T18:29:13.598Z [TRACE] provider.terraform-provider-local_v2.9.0_x5: Called provider defined Provider Configure: tf_rpc=Configure @caller=github.com/hashicorp/terraform-plugin-framework@v1.19.0/internal/fwserver/server_configureprovider.go:23 @module=sdk.framework tf_provider_addr=registry.terraform.io/hashicorp/local tf_req_id=2619f1f5-4ec7-ec1e-1d90-dd8ebaf32611 timestamp=2026-08-15T18:29:13.598Z
2026-08-15T18:29:13.598Z [TRACE] provider.terraform-provider-local_v2.9.0_x5: Received downstream response: tf_req_duration_ms=0 tf_req_id=2619f1f5-4ec7-ec1e-1d90-dd8ebaf32611 diagnostic_error_count=0 tf_rpc=Configure @caller=github.com/hashicorp/terraform-plugin-go@v0.31.0/tfprotov5/internal/tf5serverlogging/downstream_request.go:61 @module=sdk.proto diagnostic_warning_count=0 tf_proto_version=5.11 tf_provider_addr=registry.terraform.io/hashicorp/local timestamp=2026-08-15T18:29:13.598Z
2026-08-15T18:29:13.598Z [TRACE] provider.terraform-provider-local_v2.9.0_x5: Served request: @caller=github.com/hashicorp/terraform-plugin-go@v0.31.0/tfprotov5/tf5server/server.go:646 @module=sdk.proto tf_provider_addr=registry.terraform.io/hashicorp/local tf_req_id=2619f1f5-4ec7-ec1e-1d90-dd8ebaf32611 tf_proto_version=5.11 tf_rpc=Configure timestamp=2026-08-15T18:29:13.598Z
2026-08-15T18:29:13.598Z [TRACE] vertex "provider[\"registry.terraform.io/hashicorp/local\"]": visit complete
2026-08-15T18:29:13.598Z [TRACE] vertex "local_file.demo (expand)": starting visit (*terraform.nodeExpandPlannableResource)
2026-08-15T18:29:13.598Z [TRACE] vertex "local_file.demo (expand)": does not belong to any module instance
2026-08-15T18:29:13.598Z [TRACE] vertex "local_file.demo (expand)": expanding dynamic subgraph
2026-08-15T18:29:13.598Z [TRACE] Executing graph transform *terraform.ResourceCountTransformer
2026-08-15T18:29:13.598Z [TRACE] ResourceCountTransformer: adding local_file.demo as *terraform.NodePlannableResourceInstance
2026-08-15T18:29:13.598Z [TRACE] Executing graph transform *terraform.OrphanResourceInstanceCountTransformer
2026-08-15T18:29:13.598Z [TRACE] Executing graph transform *terraform.AttachStateTransformer
2026-08-15T18:29:13.598Z [TRACE] NodeAbstractResourceInstance.AttachResourceState for local_file.demo
2026-08-15T18:29:13.598Z [TRACE] Executing graph transform *terraform.TargetsTransformer
2026-08-15T18:29:13.598Z [TRACE] Executing graph transform *terraform.ReferenceTransformer
2026-08-15T18:29:13.598Z [DEBUG] ReferenceTransformer: "local_file.demo" references: []
2026-08-15T18:29:13.598Z [TRACE] Executing graph transform *terraform.RootTransformer
2026-08-15T18:29:13.598Z [TRACE] Completed graph transform:
local_file.demo - *terraform.NodePlannableResourceInstance
root - terraform.graphNodeRoot
  local_file.demo - *terraform.NodePlannableResourceInstance
  ------
2026-08-15T18:29:13.598Z [TRACE] vertex "local_file.demo (expand)": entering dynamic subgraph
2026-08-15T18:29:13.599Z [TRACE] vertex "local_file.demo": starting visit (*terraform.NodePlannableResourceInstance)
2026-08-15T18:29:13.599Z [TRACE] vertex "local_file.demo": belongs to
2026-08-15T18:29:13.599Z [TRACE] terraform.contextPlugins: Schema for provider "registry.terraform.io/hashicorp/local" is in the global cache
2026-08-15T18:29:13.599Z [TRACE] terraform.contextPlugins: Schema for provider "registry.terraform.io/hashicorp/local" is in the global cache
2026-08-15T18:29:13.599Z [TRACE] readResourceInstanceState: reading state for local_file.demo
2026-08-15T18:29:13.599Z [TRACE] upgradeResourceState: schema version of local_file.demo is still 0; calling provider "local" for any other minor fixups
2026-08-15T18:29:13.599Z [TRACE] GRPCProvider: UpgradeResourceState
2026-08-15T18:29:13.599Z [TRACE] GRPCProvider: GetProviderSchema
2026-08-15T18:29:13.599Z [TRACE] GRPCProvider: returning cached schema: EXTRA_VALUE_AT_END=registry.terraform.io/hashicorp/local
2026-08-15T18:29:13.599Z [TRACE] provider.terraform-provider-local_v2.9.0_x5: Received request: tf_provider_addr=registry.terraform.io/hashicorp/local tf_req_id=8ed1117c-6d09-d974-e42e-a98369453184 tf_resource_type=local_file tf_rpc=UpgradeResourceState @caller=github.com/hashicorp/terraform-plugin-go@v0.31.0/tfprotov5/tf5server/server.go:792 tf_proto_version=5.11 @module=sdk.proto timestamp=2026-08-15T18:29:13.599Z
2026-08-15T18:29:13.599Z [TRACE] provider.terraform-provider-local_v2.9.0_x5: Sending request downstream: tf_resource_type=local_file @caller=github.com/hashicorp/terraform-plugin-go@v0.31.0/tfprotov5/internal/tf5serverlogging/downstream_request.go:22 @module=sdk.proto tf_proto_version=5.11 tf_rpc=UpgradeResourceState tf_provider_addr=registry.terraform.io/hashicorp/local tf_req_id=8ed1117c-6d09-d974-e42e-a98369453184 timestamp=2026-08-15T18:29:13.599Z
2026-08-15T18:29:13.599Z [TRACE] provider.terraform-provider-local_v2.9.0_x5: Checking ResourceTypes lock: @module=sdk.framework tf_req_id=8ed1117c-6d09-d974-e42e-a98369453184 tf_rpc=UpgradeResourceState @caller=github.com/hashicorp/terraform-plugin-framework@v1.19.0/internal/fwserver/server.go:649 tf_provider_addr=registry.terraform.io/hashicorp/local tf_resource_type=local_file timestamp=2026-08-15T18:29:13.599Z
2026-08-15T18:29:13.599Z [TRACE] provider.terraform-provider-local_v2.9.0_x5: Checking ProviderTypeName lock: @caller=github.com/hashicorp/terraform-plugin-framework@v1.19.0/internal/fwserver/server.go:476 @module=sdk.framework tf_req_id=8ed1117c-6d09-d974-e42e-a98369453184 tf_provider_addr=registry.terraform.io/hashicorp/local tf_resource_type=local_file tf_rpc=UpgradeResourceState timestamp=2026-08-15T18:29:13.599Z
2026-08-15T18:29:13.600Z [TRACE] provider.terraform-provider-local_v2.9.0_x5: Calling provider defined Provider Metadata: tf_resource_type=local_file tf_rpc=UpgradeResourceState @caller=github.com/hashicorp/terraform-plugin-framework@v1.19.0/internal/fwserver/server.go:487 tf_req_id=8ed1117c-6d09-d974-e42e-a98369453184 @module=sdk.framework tf_provider_addr=registry.terraform.io/hashicorp/local timestamp=2026-08-15T18:29:13.599Z
2026-08-15T18:29:13.600Z [TRACE] provider.terraform-provider-local_v2.9.0_x5: Called provider defined Provider Metadata: @module=sdk.framework tf_rpc=UpgradeResourceState @caller=github.com/hashicorp/terraform-plugin-framework@v1.19.0/internal/fwserver/server.go:489 tf_provider_addr=registry.terraform.io/hashicorp/local tf_req_id=8ed1117c-6d09-d974-e42e-a98369453184 tf_resource_type=local_file timestamp=2026-08-15T18:29:13.599Z
2026-08-15T18:29:13.600Z [TRACE] provider.terraform-provider-local_v2.9.0_x5: Calling provider defined Provider Resources: tf_provider_addr=registry.terraform.io/hashicorp/local tf_rpc=UpgradeResourceState tf_req_id=8ed1117c-6d09-d974-e42e-a98369453184 tf_resource_type=local_file @caller=github.com/hashicorp/terraform-plugin-framework@v1.19.0/internal/fwserver/server.go:660 @module=sdk.framework timestamp=2026-08-15T18:29:13.599Z
2026-08-15T18:29:13.600Z [TRACE] provider.terraform-provider-local_v2.9.0_x5: Called provider defined Provider Resources: @module=sdk.framework tf_provider_addr=registry.terraform.io/hashicorp/local tf_resource_type=local_file tf_req_id=8ed1117c-6d09-d974-e42e-a98369453184 tf_rpc=UpgradeResourceState @caller=github.com/hashicorp/terraform-plugin-framework@v1.19.0/internal/fwserver/server.go:662 timestamp=2026-08-15T18:29:13.599Z
2026-08-15T18:29:13.600Z [TRACE] provider.terraform-provider-local_v2.9.0_x5: Found resource type: @caller=github.com/hashicorp/terraform-plugin-framework@v1.19.0/internal/fwserver/server.go:683 @module=sdk.framework tf_provider_addr=registry.terraform.io/hashicorp/local tf_resource_type=local_file tf_rpc=UpgradeResourceState tf_req_id=8ed1117c-6d09-d974-e42e-a98369453184 timestamp=2026-08-15T18:29:13.599Z
2026-08-15T18:29:13.600Z [TRACE] provider.terraform-provider-local_v2.9.0_x5: Found resource type: tf_provider_addr=registry.terraform.io/hashicorp/local tf_resource_type=local_sensitive_file @caller=github.com/hashicorp/terraform-plugin-framework@v1.19.0/internal/fwserver/server.go:683 @module=sdk.framework tf_req_id=8ed1117c-6d09-d974-e42e-a98369453184 tf_rpc=UpgradeResourceState timestamp=2026-08-15T18:29:13.599Z
2026-08-15T18:29:13.600Z [TRACE] provider.terraform-provider-local_v2.9.0_x5: Checking ResourceTypes lock: tf_rpc=UpgradeResourceState @caller=github.com/hashicorp/terraform-plugin-framework@v1.19.0/internal/fwserver/server.go:649 @module=sdk.framework tf_provider_addr=registry.terraform.io/hashicorp/local tf_req_id=8ed1117c-6d09-d974-e42e-a98369453184 tf_resource_type=local_file timestamp=2026-08-15T18:29:13.600Z
2026-08-15T18:29:13.600Z [TRACE] provider.terraform-provider-local_v2.9.0_x5: Calling provider defined Resource Schema method: tf_provider_addr=registry.terraform.io/hashicorp/local tf_req_id=8ed1117c-6d09-d974-e42e-a98369453184 tf_rpc=UpgradeResourceState @caller=github.com/hashicorp/terraform-plugin-framework@v1.19.0/internal/fwserver/server.go:741 tf_resource_type=local_file @module=sdk.framework timestamp=2026-08-15T18:29:13.600Z
2026-08-15T18:29:13.600Z [TRACE] provider.terraform-provider-local_v2.9.0_x5: Called provider defined Resource Schema method: @caller=github.com/hashicorp/terraform-plugin-framework@v1.19.0/internal/fwserver/server.go:743 tf_resource_type=local_file tf_rpc=UpgradeResourceState @module=sdk.framework tf_provider_addr=registry.terraform.io/hashicorp/local tf_req_id=8ed1117c-6d09-d974-e42e-a98369453184 timestamp=2026-08-15T18:29:13.600Z
2026-08-15T18:29:13.600Z [TRACE] provider.terraform-provider-local_v2.9.0_x5: UpgradeResourceState request version matches current Schema version, using framework defined passthrough implementation: @caller=github.com/hashicorp/terraform-plugin-framework@v1.19.0/internal/fwserver/server_upgraderesourcestate.go:87 tf_provider_addr=registry.terraform.io/hashicorp/local tf_resource_type=local_file tf_rpc=UpgradeResourceState @module=sdk.framework tf_req_id=8ed1117c-6d09-d974-e42e-a98369453184 timestamp=2026-08-15T18:29:13.600Z
2026-08-15T18:29:13.600Z [TRACE] provider.terraform-provider-local_v2.9.0_x5: Received downstream response: @caller=github.com/hashicorp/terraform-plugin-go@v0.31.0/tfprotov5/internal/tf5serverlogging/downstream_request.go:61 @module=sdk.proto diagnostic_warning_count=0 tf_proto_version=5.11 tf_provider_addr=registry.terraform.io/hashicorp/local diagnostic_error_count=0 tf_req_duration_ms=0 tf_req_id=8ed1117c-6d09-d974-e42e-a98369453184 tf_resource_type=local_file tf_rpc=UpgradeResourceState timestamp=2026-08-15T18:29:13.600Z
2026-08-15T18:29:13.600Z [TRACE] provider.terraform-provider-local_v2.9.0_x5: Served request: @module=sdk.proto tf_proto_version=5.11 tf_resource_type=local_file tf_rpc=UpgradeResourceState @caller=github.com/hashicorp/terraform-plugin-go@v0.31.0/tfprotov5/tf5server/server.go:811 tf_provider_addr=registry.terraform.io/hashicorp/local tf_req_id=8ed1117c-6d09-d974-e42e-a98369453184 timestamp=2026-08-15T18:29:13.600Z
2026-08-15T18:29:13.601Z [TRACE] terraform.contextPlugins: Schema for provider "registry.terraform.io/hashicorp/local" is in the global cache
2026-08-15T18:29:13.601Z [TRACE] NodeAbstractResourceInstance.writeResourceInstanceState to prevRunState for local_file.demo
2026-08-15T18:29:13.601Z [TRACE] NodeAbstractResourceInstance.writeResourceInstanceState: writing state object for local_file.demo
2026-08-15T18:29:13.601Z [TRACE] terraform.contextPlugins: Schema for provider "registry.terraform.io/hashicorp/local" is in the global cache
2026-08-15T18:29:13.601Z [TRACE] NodeAbstractResourceInstance.writeResourceInstanceState to refreshState for local_file.demo
2026-08-15T18:29:13.601Z [TRACE] NodeAbstractResourceInstance.writeResourceInstanceState: writing state object for local_file.demo
2026-08-15T18:29:13.601Z [TRACE] NodeAbstractResourceInstance.refresh for local_file.demo
2026-08-15T18:29:13.601Z [TRACE] terraform.contextPlugins: Schema for provider "registry.terraform.io/hashicorp/local" is in the global cache
2026-08-15T18:29:13.601Z [TRACE] terraform.contextPlugins: Schema for provider "registry.terraform.io/hashicorp/local" is in the global cache
2026-08-15T18:29:13.601Z [TRACE] GRPCProvider: ReadResource
2026-08-15T18:29:13.601Z [TRACE] GRPCProvider: GetProviderSchema
2026-08-15T18:29:13.601Z [TRACE] GRPCProvider: returning cached schema: EXTRA_VALUE_AT_END=registry.terraform.io/hashicorp/local
2026-08-15T18:29:13.601Z [TRACE] provider.terraform-provider-local_v2.9.0_x5: Received request: @caller=github.com/hashicorp/terraform-plugin-go@v0.31.0/tfprotov5/tf5server/server.go:850 @module=sdk.proto tf_proto_version=5.11 tf_provider_addr=registry.terraform.io/hashicorp/local tf_resource_type=local_file tf_req_id=e213fe93-f531-65b3-37b9-9887ec6d8ac3 tf_rpc=ReadResource timestamp=2026-08-15T18:29:13.601Z
2026-08-15T18:29:13.601Z [TRACE] provider.terraform-provider-local_v2.9.0_x5: Announced client capabilities: tf_rpc=ReadResource @caller=github.com/hashicorp/terraform-plugin-go@v0.31.0/tfprotov5/internal/tf5serverlogging/client_capabilities.go:66 @module=sdk.proto tf_provider_addr=registry.terraform.io/hashicorp/local tf_req_id=e213fe93-f531-65b3-37b9-9887ec6d8ac3 tf_client_capability_deferral_allowed=false tf_proto_version=5.11 tf_resource_type=local_file timestamp=2026-08-15T18:29:13.601Z
2026-08-15T18:29:13.601Z [TRACE] provider.terraform-provider-local_v2.9.0_x5: Sending request downstream: @caller=github.com/hashicorp/terraform-plugin-go@v0.31.0/tfprotov5/internal/tf5serverlogging/downstream_request.go:22 @module=sdk.proto tf_proto_version=5.11 tf_provider_addr=registry.terraform.io/hashicorp/local tf_req_id=e213fe93-f531-65b3-37b9-9887ec6d8ac3 tf_resource_type=local_file tf_rpc=ReadResource timestamp=2026-08-15T18:29:13.601Z
2026-08-15T18:29:13.601Z [TRACE] provider.terraform-provider-local_v2.9.0_x5: Checking ResourceTypes lock: @caller=github.com/hashicorp/terraform-plugin-framework@v1.19.0/internal/fwserver/server.go:649 @module=sdk.framework tf_provider_addr=registry.terraform.io/hashicorp/local tf_req_id=e213fe93-f531-65b3-37b9-9887ec6d8ac3 tf_resource_type=local_file tf_rpc=ReadResource timestamp=2026-08-15T18:29:13.601Z
2026-08-15T18:29:13.601Z [TRACE] provider.terraform-provider-local_v2.9.0_x5: Checking ResourceTypes lock: tf_req_id=e213fe93-f531-65b3-37b9-9887ec6d8ac3 tf_rpc=ReadResource @caller=github.com/hashicorp/terraform-plugin-framework@v1.19.0/internal/fwserver/server.go:649 tf_provider_addr=registry.terraform.io/hashicorp/local tf_resource_type=local_file @module=sdk.framework timestamp=2026-08-15T18:29:13.601Z
2026-08-15T18:29:13.601Z [TRACE] provider.terraform-provider-local_v2.9.0_x5: Checking ResourceBehaviors lock: tf_resource_type=local_file @caller=github.com/hashicorp/terraform-plugin-framework@v1.19.0/internal/fwserver/server.go:595 @module=sdk.framework tf_provider_addr=registry.terraform.io/hashicorp/local tf_req_id=e213fe93-f531-65b3-37b9-9887ec6d8ac3 tf_rpc=ReadResource timestamp=2026-08-15T18:29:13.601Z
2026-08-15T18:29:13.601Z [TRACE] provider.terraform-provider-local_v2.9.0_x5: Checking ProviderTypeName lock: @caller=github.com/hashicorp/terraform-plugin-framework@v1.19.0/internal/fwserver/server.go:476 tf_req_id=e213fe93-f531-65b3-37b9-9887ec6d8ac3 tf_resource_type=local_file @module=sdk.framework tf_provider_addr=registry.terraform.io/hashicorp/local tf_rpc=ReadResource timestamp=2026-08-15T18:29:13.601Z
2026-08-15T18:29:13.601Z [TRACE] provider.terraform-provider-local_v2.9.0_x5: Checking ResourceTypes lock: @caller=github.com/hashicorp/terraform-plugin-framework@v1.19.0/internal/fwserver/server.go:649 tf_req_id=e213fe93-f531-65b3-37b9-9887ec6d8ac3 tf_resource_type=local_file tf_rpc=ReadResource @module=sdk.framework tf_provider_addr=registry.terraform.io/hashicorp/local timestamp=2026-08-15T18:29:13.601Z
2026-08-15T18:29:13.601Z [TRACE] provider.terraform-provider-local_v2.9.0_x5: Found resource type: @caller=github.com/hashicorp/terraform-plugin-framework@v1.19.0/internal/fwserver/server.go:628 tf_provider_addr=registry.terraform.io/hashicorp/local tf_req_id=e213fe93-f531-65b3-37b9-9887ec6d8ac3 @module=sdk.framework tf_resource_type=local_file tf_rpc=ReadResource timestamp=2026-08-15T18:29:13.601Z
2026-08-15T18:29:13.602Z [TRACE] provider.terraform-provider-local_v2.9.0_x5: Found resource type: tf_provider_addr=registry.terraform.io/hashicorp/local tf_req_id=e213fe93-f531-65b3-37b9-9887ec6d8ac3 @caller=github.com/hashicorp/terraform-plugin-framework@v1.19.0/internal/fwserver/server.go:628 @module=sdk.framework tf_resource_type=local_sensitive_file tf_rpc=ReadResource timestamp=2026-08-15T18:29:13.601Z
2026-08-15T18:29:13.602Z [TRACE] provider.terraform-provider-local_v2.9.0_x5: Calling provider defined Resource Read: @module=sdk.framework tf_req_id=e213fe93-f531-65b3-37b9-9887ec6d8ac3 @caller=github.com/hashicorp/terraform-plugin-framework@v1.19.0/internal/fwserver/server_readresource.go:155 tf_provider_addr=registry.terraform.io/hashicorp/local tf_resource_type=local_file tf_rpc=ReadResource timestamp=2026-08-15T18:29:13.602Z
2026-08-15T18:29:13.602Z [TRACE] provider.terraform-provider-local_v2.9.0_x5: Called provider defined Resource Read: @caller=github.com/hashicorp/terraform-plugin-framework@v1.19.0/internal/fwserver/server_readresource.go:157 @module=sdk.framework tf_provider_addr=registry.terraform.io/hashicorp/local tf_resource_type=local_file tf_req_id=e213fe93-f531-65b3-37b9-9887ec6d8ac3 tf_rpc=ReadResource timestamp=2026-08-15T18:29:13.602Z
2026-08-15T18:29:13.602Z [DEBUG] provider.terraform-provider-local_v2.9.0_x5: Value switched to prior value due to semantic equality logic: @module=sdk.framework tf_attribute_path=content tf_provider_addr=registry.terraform.io/hashicorp/local tf_resource_type=local_file @caller=github.com/hashicorp/terraform-plugin-framework@v1.19.0/internal/fwschemadata/value_semantic_equality.go:91 tf_req_id=e213fe93-f531-65b3-37b9-9887ec6d8ac3 tf_rpc=ReadResource timestamp=2026-08-15T18:29:13.602Z
2026-08-15T18:29:13.602Z [TRACE] provider.terraform-provider-local_v2.9.0_x5: Value implements ValidateableAttribute: @caller=github.com/hashicorp/terraform-plugin-framework@v1.19.0/internal/fwschemadata/data_value.go:96 @module=sdk.framework tf_resource_type=local_file tf_provider_addr=registry.terraform.io/hashicorp/local tf_req_id=e213fe93-f531-65b3-37b9-9887ec6d8ac3 tf_rpc=ReadResource timestamp=2026-08-15T18:29:13.602Z
2026-08-15T18:29:13.602Z [TRACE] provider.terraform-provider-local_v2.9.0_x5: Calling provider defined Value ValidateAttribute: tf_provider_addr=registry.terraform.io/hashicorp/local tf_req_id=e213fe93-f531-65b3-37b9-9887ec6d8ac3 tf_rpc=ReadResource @caller=github.com/hashicorp/terraform-plugin-framework@v1.19.0/internal/fwschemadata/data_value.go:97 @module=sdk.framework tf_resource_type=local_file timestamp=2026-08-15T18:29:13.602Z
2026-08-15T18:29:13.602Z [TRACE] provider.terraform-provider-local_v2.9.0_x5: Called provider defined Value ValidateAttribute: @module=sdk.framework tf_req_id=e213fe93-f531-65b3-37b9-9887ec6d8ac3 tf_resource_type=local_file tf_rpc=ReadResource @caller=github.com/hashicorp/terraform-plugin-framework@v1.19.0/internal/fwschemadata/data_value.go:108 tf_provider_addr=registry.terraform.io/hashicorp/local timestamp=2026-08-15T18:29:13.602Z
2026-08-15T18:29:13.602Z [TRACE] provider.terraform-provider-local_v2.9.0_x5: Value implements ValidateableAttribute: @caller=github.com/hashicorp/terraform-plugin-framework@v1.19.0/internal/fwschemadata/data_value.go:96 tf_provider_addr=registry.terraform.io/hashicorp/local tf_req_id=e213fe93-f531-65b3-37b9-9887ec6d8ac3 @module=sdk.framework tf_resource_type=local_file tf_rpc=ReadResource timestamp=2026-08-15T18:29:13.602Z
2026-08-15T18:29:13.602Z [TRACE] provider.terraform-provider-local_v2.9.0_x5: Calling provider defined Value ValidateAttribute: tf_rpc=ReadResource @module=sdk.framework tf_req_id=e213fe93-f531-65b3-37b9-9887ec6d8ac3 @caller=github.com/hashicorp/terraform-plugin-framework@v1.19.0/internal/fwschemadata/data_value.go:97 tf_provider_addr=registry.terraform.io/hashicorp/local tf_resource_type=local_file timestamp=2026-08-15T18:29:13.602Z
2026-08-15T18:29:13.602Z [TRACE] provider.terraform-provider-local_v2.9.0_x5: Called provider defined Value ValidateAttribute: @caller=github.com/hashicorp/terraform-plugin-framework@v1.19.0/internal/fwschemadata/data_value.go:108 tf_provider_addr=registry.terraform.io/hashicorp/local tf_req_id=e213fe93-f531-65b3-37b9-9887ec6d8ac3 @module=sdk.framework tf_resource_type=local_file tf_rpc=ReadResource timestamp=2026-08-15T18:29:13.602Z
2026-08-15T18:29:13.602Z [DEBUG] provider.terraform-provider-local_v2.9.0_x5: Value switched to prior value due to semantic equality logic: tf_attribute_path=directory_permission tf_provider_addr=registry.terraform.io/hashicorp/local tf_resource_type=local_file tf_rpc=ReadResource @caller=github.com/hashicorp/terraform-plugin-framework@v1.19.0/internal/fwschemadata/value_semantic_equality.go:91 @module=sdk.framework tf_req_id=e213fe93-f531-65b3-37b9-9887ec6d8ac3 timestamp=2026-08-15T18:29:13.602Z
2026-08-15T18:29:13.602Z [DEBUG] provider.terraform-provider-local_v2.9.0_x5: Value switched to prior value due to semantic equality logic: tf_provider_addr=registry.terraform.io/hashicorp/local @caller=github.com/hashicorp/terraform-plugin-framework@v1.19.0/internal/fwschemadata/value_semantic_equality.go:91 @module=sdk.framework tf_attribute_path=content_md5 tf_req_id=e213fe93-f531-65b3-37b9-9887ec6d8ac3 tf_resource_type=local_file tf_rpc=ReadResource timestamp=2026-08-15T18:29:13.602Z
2026-08-15T18:29:13.602Z [DEBUG] provider.terraform-provider-local_v2.9.0_x5: Value switched to prior value due to semantic equality logic: @module=sdk.framework tf_attribute_path=content_sha1 tf_provider_addr=registry.terraform.io/hashicorp/local @caller=github.com/hashicorp/terraform-plugin-framework@v1.19.0/internal/fwschemadata/value_semantic_equality.go:91 tf_req_id=e213fe93-f531-65b3-37b9-9887ec6d8ac3 tf_resource_type=local_file tf_rpc=ReadResource timestamp=2026-08-15T18:29:13.602Z
2026-08-15T18:29:13.602Z [DEBUG] provider.terraform-provider-local_v2.9.0_x5: Value switched to prior value due to semantic equality logic: tf_rpc=ReadResource @caller=github.com/hashicorp/terraform-plugin-framework@v1.19.0/internal/fwschemadata/value_semantic_equality.go:91 tf_attribute_path=content_sha256 tf_provider_addr=registry.terraform.io/hashicorp/local tf_req_id=e213fe93-f531-65b3-37b9-9887ec6d8ac3 @module=sdk.framework tf_resource_type=local_file timestamp=2026-08-15T18:29:13.602Z
2026-08-15T18:29:13.602Z [DEBUG] provider.terraform-provider-local_v2.9.0_x5: Value switched to prior value due to semantic equality logic: @caller=github.com/hashicorp/terraform-plugin-framework@v1.19.0/internal/fwschemadata/value_semantic_equality.go:91 @module=sdk.framework tf_resource_type=local_file tf_attribute_path=content_base64sha256 tf_provider_addr=registry.terraform.io/hashicorp/local tf_req_id=e213fe93-f531-65b3-37b9-9887ec6d8ac3 tf_rpc=ReadResource timestamp=2026-08-15T18:29:13.602Z
2026-08-15T18:29:13.603Z [TRACE] provider.terraform-provider-local_v2.9.0_x5: Value implements ValidateableAttribute: @caller=github.com/hashicorp/terraform-plugin-framework@v1.19.0/internal/fwschemadata/data_value.go:96 @module=sdk.framework tf_provider_addr=registry.terraform.io/hashicorp/local tf_req_id=e213fe93-f531-65b3-37b9-9887ec6d8ac3 tf_resource_type=local_file tf_rpc=ReadResource timestamp=2026-08-15T18:29:13.602Z
2026-08-15T18:29:13.603Z [TRACE] provider.terraform-provider-local_v2.9.0_x5: Calling provider defined Value ValidateAttribute: tf_provider_addr=registry.terraform.io/hashicorp/local tf_req_id=e213fe93-f531-65b3-37b9-9887ec6d8ac3 tf_rpc=ReadResource @caller=github.com/hashicorp/terraform-plugin-framework@v1.19.0/internal/fwschemadata/data_value.go:97 @module=sdk.framework tf_resource_type=local_file timestamp=2026-08-15T18:29:13.602Z
2026-08-15T18:29:13.603Z [TRACE] provider.terraform-provider-local_v2.9.0_x5: Called provider defined Value ValidateAttribute: @caller=github.com/hashicorp/terraform-plugin-framework@v1.19.0/internal/fwschemadata/data_value.go:108 tf_req_id=e213fe93-f531-65b3-37b9-9887ec6d8ac3 tf_resource_type=local_file @module=sdk.framework tf_provider_addr=registry.terraform.io/hashicorp/local tf_rpc=ReadResource timestamp=2026-08-15T18:29:13.602Z
2026-08-15T18:29:13.603Z [TRACE] provider.terraform-provider-local_v2.9.0_x5: Value implements ValidateableAttribute: @caller=github.com/hashicorp/terraform-plugin-framework@v1.19.0/internal/fwschemadata/data_value.go:96 tf_provider_addr=registry.terraform.io/hashicorp/local tf_req_id=e213fe93-f531-65b3-37b9-9887ec6d8ac3 tf_resource_type=local_file @module=sdk.framework tf_rpc=ReadResource timestamp=2026-08-15T18:29:13.603Z
2026-08-15T18:29:13.603Z [TRACE] provider.terraform-provider-local_v2.9.0_x5: Calling provider defined Value ValidateAttribute: tf_provider_addr=registry.terraform.io/hashicorp/local @caller=github.com/hashicorp/terraform-plugin-framework@v1.19.0/internal/fwschemadata/data_value.go:97 @module=sdk.framework tf_req_id=e213fe93-f531-65b3-37b9-9887ec6d8ac3 tf_resource_type=local_file tf_rpc=ReadResource timestamp=2026-08-15T18:29:13.603Z
2026-08-15T18:29:13.603Z [TRACE] provider.terraform-provider-local_v2.9.0_x5: Called provider defined Value ValidateAttribute: @module=sdk.framework tf_provider_addr=registry.terraform.io/hashicorp/local tf_req_id=e213fe93-f531-65b3-37b9-9887ec6d8ac3 @caller=github.com/hashicorp/terraform-plugin-framework@v1.19.0/internal/fwschemadata/data_value.go:108 tf_resource_type=local_file tf_rpc=ReadResource timestamp=2026-08-15T18:29:13.603Z
2026-08-15T18:29:13.603Z [DEBUG] provider.terraform-provider-local_v2.9.0_x5: Value switched to prior value due to semantic equality logic: tf_req_id=e213fe93-f531-65b3-37b9-9887ec6d8ac3 tf_attribute_path=file_permission tf_provider_addr=registry.terraform.io/hashicorp/local tf_resource_type=local_file tf_rpc=ReadResource @caller=github.com/hashicorp/terraform-plugin-framework@v1.19.0/internal/fwschemadata/value_semantic_equality.go:91 @module=sdk.framework timestamp=2026-08-15T18:29:13.603Z
2026-08-15T18:29:13.603Z [DEBUG] provider.terraform-provider-local_v2.9.0_x5: Value switched to prior value due to semantic equality logic: @module=sdk.framework tf_attribute_path=id tf_provider_addr=registry.terraform.io/hashicorp/local tf_rpc=ReadResource @caller=github.com/hashicorp/terraform-plugin-framework@v1.19.0/internal/fwschemadata/value_semantic_equality.go:91 tf_req_id=e213fe93-f531-65b3-37b9-9887ec6d8ac3 tf_resource_type=local_file timestamp=2026-08-15T18:29:13.603Z
2026-08-15T18:29:13.603Z [DEBUG] provider.terraform-provider-local_v2.9.0_x5: Value switched to prior value due to semantic equality logic: @module=sdk.framework tf_attribute_path=content_sha512 tf_provider_addr=registry.terraform.io/hashicorp/local tf_req_id=e213fe93-f531-65b3-37b9-9887ec6d8ac3 @caller=github.com/hashicorp/terraform-plugin-framework@v1.19.0/internal/fwschemadata/value_semantic_equality.go:91 tf_resource_type=local_file tf_rpc=ReadResource timestamp=2026-08-15T18:29:13.603Z
2026-08-15T18:29:13.603Z [DEBUG] provider.terraform-provider-local_v2.9.0_x5: Value switched to prior value due to semantic equality logic: @module=sdk.framework tf_attribute_path=content_base64sha512 tf_provider_addr=registry.terraform.io/hashicorp/local tf_resource_type=local_file tf_req_id=e213fe93-f531-65b3-37b9-9887ec6d8ac3 tf_rpc=ReadResource @caller=github.com/hashicorp/terraform-plugin-framework@v1.19.0/internal/fwschemadata/value_semantic_equality.go:91 timestamp=2026-08-15T18:29:13.603Z
2026-08-15T18:29:13.603Z [DEBUG] provider.terraform-provider-local_v2.9.0_x5: Value switched to prior value due to semantic equality logic: @caller=github.com/hashicorp/terraform-plugin-framework@v1.19.0/internal/fwschemadata/value_semantic_equality.go:91 @module=sdk.framework tf_attribute_path=filename tf_provider_addr=registry.terraform.io/hashicorp/local tf_req_id=e213fe93-f531-65b3-37b9-9887ec6d8ac3 tf_resource_type=local_file tf_rpc=ReadResource timestamp=2026-08-15T18:29:13.603Z
2026-08-15T18:29:13.603Z [TRACE] provider.terraform-provider-local_v2.9.0_x5: Received downstream response: diagnostic_warning_count=0 tf_req_duration_ms=1 tf_resource_type=local_file tf_rpc=ReadResource @caller=github.com/hashicorp/terraform-plugin-go@v0.31.0/tfprotov5/internal/tf5serverlogging/downstream_request.go:61 @module=sdk.proto diagnostic_error_count=0 tf_proto_version=5.11 tf_provider_addr=registry.terraform.io/hashicorp/local tf_req_id=e213fe93-f531-65b3-37b9-9887ec6d8ac3 timestamp=2026-08-15T18:29:13.603Z
2026-08-15T18:29:13.603Z [TRACE] provider.terraform-provider-local_v2.9.0_x5: Served request: tf_resource_type=local_file @module=sdk.proto tf_proto_version=5.11 tf_rpc=ReadResource @caller=github.com/hashicorp/terraform-plugin-go@v0.31.0/tfprotov5/tf5server/server.go:881 tf_provider_addr=registry.terraform.io/hashicorp/local tf_req_id=e213fe93-f531-65b3-37b9-9887ec6d8ac3 timestamp=2026-08-15T18:29:13.603Z
2026-08-15T18:29:13.604Z [TRACE] terraform.contextPlugins: Schema for provider "registry.terraform.io/hashicorp/local" is in the global cache
2026-08-15T18:29:13.604Z [TRACE] NodeAbstractResourceInstance.writeResourceInstanceState to refreshState for local_file.demo
2026-08-15T18:29:13.604Z [TRACE] NodeAbstractResourceInstance.writeResourceInstanceState: writing state object for local_file.demo
2026-08-15T18:29:13.604Z [TRACE] terraform.contextPlugins: Schema for provider "registry.terraform.io/hashicorp/local" is in the global cache
2026-08-15T18:29:13.604Z [TRACE] terraform.contextPlugins: Schema for provider "registry.terraform.io/hashicorp/local" is in the global cache
2026-08-15T18:29:13.604Z [TRACE] terraform.contextPlugins: Schema for provider "registry.terraform.io/hashicorp/local" is in the global cache
2026-08-15T18:29:13.604Z [TRACE] Re-validating config for "local_file.demo"
2026-08-15T18:29:13.604Z [TRACE] GRPCProvider: ValidateResourceConfig
2026-08-15T18:29:13.604Z [TRACE] GRPCProvider: GetProviderSchema
2026-08-15T18:29:13.604Z [TRACE] GRPCProvider: returning cached schema: EXTRA_VALUE_AT_END=registry.terraform.io/hashicorp/local
2026-08-15T18:29:13.605Z [TRACE] provider.terraform-provider-local_v2.9.0_x5: Received request: @caller=github.com/hashicorp/terraform-plugin-go@v0.31.0/tfprotov5/tf5server/server.go:762 tf_proto_version=5.11 tf_req_id=b5ecc585-f6b2-2443-3d3a-69496c75ca45 tf_resource_type=local_file tf_rpc=ValidateResourceTypeConfig @module=sdk.proto tf_provider_addr=registry.terraform.io/hashicorp/local timestamp=2026-08-15T18:29:13.605Z
2026-08-15T18:29:13.605Z [TRACE] provider.terraform-provider-local_v2.9.0_x5: Announced client capabilities: tf_req_id=b5ecc585-f6b2-2443-3d3a-69496c75ca45 tf_resource_type=local_file tf_rpc=ValidateResourceTypeConfig @caller=github.com/hashicorp/terraform-plugin-go@v0.31.0/tfprotov5/internal/tf5serverlogging/client_capabilities.go:24 @module=sdk.proto tf_client_capability_write_only_attributes_allowed=true tf_proto_version=5.11 tf_provider_addr=registry.terraform.io/hashicorp/local timestamp=2026-08-15T18:29:13.605Z
2026-08-15T18:29:13.605Z [TRACE] provider.terraform-provider-local_v2.9.0_x5: Sending request downstream: @caller=github.com/hashicorp/terraform-plugin-go@v0.31.0/tfprotov5/internal/tf5serverlogging/downstream_request.go:22 @module=sdk.proto tf_proto_version=5.11 tf_provider_addr=registry.terraform.io/hashicorp/local tf_resource_type=local_file tf_req_id=b5ecc585-f6b2-2443-3d3a-69496c75ca45 tf_rpc=ValidateResourceTypeConfig timestamp=2026-08-15T18:29:13.605Z
2026-08-15T18:29:13.605Z [TRACE] provider.terraform-provider-local_v2.9.0_x5: Checking ResourceTypes lock: @caller=github.com/hashicorp/terraform-plugin-framework@v1.19.0/internal/fwserver/server.go:649 tf_provider_addr=registry.terraform.io/hashicorp/local tf_req_id=b5ecc585-f6b2-2443-3d3a-69496c75ca45 tf_resource_type=local_file tf_rpc=ValidateResourceTypeConfig @module=sdk.framework timestamp=2026-08-15T18:29:13.605Z
2026-08-15T18:29:13.605Z [TRACE] provider.terraform-provider-local_v2.9.0_x5: Calling provider defined validator.String: tf_rpc=ValidateResourceTypeConfig @module=sdk.framework description="Ensure that one and only one attribute from this collection is set: \"[content,content_base64,source]\"" tf_attribute_path=sensitive_content tf_provider_addr=registry.terraform.io/hashicorp/local tf_req_id=b5ecc585-f6b2-2443-3d3a-69496c75ca45 @caller=github.com/hashicorp/terraform-plugin-framework@v1.19.0/internal/fwserver/attribute_validation.go:908 tf_resource_type=local_file timestamp=2026-08-15T18:29:13.605Z
2026-08-15T18:29:13.605Z [TRACE] provider.terraform-provider-local_v2.9.0_x5: Called provider defined validator.String: @caller=github.com/hashicorp/terraform-plugin-framework@v1.19.0/internal/fwserver/attribute_validation.go:918 @module=sdk.framework tf_provider_addr=registry.terraform.io/hashicorp/local tf_req_id=b5ecc585-f6b2-2443-3d3a-69496c75ca45 description="Ensure that one and only one attribute from this collection is set: \"[content,content_base64,source]\"" tf_attribute_path=sensitive_content tf_resource_type=local_file tf_rpc=ValidateResourceTypeConfig timestamp=2026-08-15T18:29:13.605Z
2026-08-15T18:29:13.605Z [TRACE] provider.terraform-provider-local_v2.9.0_x5: Calling provider defined validator.String: tf_provider_addr=registry.terraform.io/hashicorp/local tf_req_id=b5ecc585-f6b2-2443-3d3a-69496c75ca45 tf_resource_type=local_file tf_rpc=ValidateResourceTypeConfig @caller=github.com/hashicorp/terraform-plugin-framework@v1.19.0/internal/fwserver/attribute_validation.go:908 @module=sdk.framework description="Ensure that one and only one attribute from this collection is set: \"[content,sensitive_content,content_base64]\"" tf_attribute_path=source timestamp=2026-08-15T18:29:13.605Z
2026-08-15T18:29:13.605Z [TRACE] provider.terraform-provider-local_v2.9.0_x5: Called provider defined validator.String: tf_resource_type=local_file tf_rpc=ValidateResourceTypeConfig tf_attribute_path=source @caller=github.com/hashicorp/terraform-plugin-framework@v1.19.0/internal/fwserver/attribute_validation.go:918 @module=sdk.framework description="Ensure that one and only one attribute from this collection is set: \"[content,sensitive_content,content_base64]\"" tf_provider_addr=registry.terraform.io/hashicorp/local tf_req_id=b5ecc585-f6b2-2443-3d3a-69496c75ca45 timestamp=2026-08-15T18:29:13.605Z
2026-08-15T18:29:13.606Z [TRACE] provider.terraform-provider-local_v2.9.0_x5: Value implements ValidateableAttribute: @caller=github.com/hashicorp/terraform-plugin-framework@v1.19.0/internal/fwschemadata/data_value.go:96 @module=sdk.framework tf_attribute_path=file_permission tf_provider_addr=registry.terraform.io/hashicorp/local tf_req_id=b5ecc585-f6b2-2443-3d3a-69496c75ca45 tf_resource_type=local_file tf_rpc=ValidateResourceTypeConfig timestamp=2026-08-15T18:29:13.605Z
2026-08-15T18:29:13.606Z [TRACE] provider.terraform-provider-local_v2.9.0_x5: Calling provider defined Value ValidateAttribute: @caller=github.com/hashicorp/terraform-plugin-framework@v1.19.0/internal/fwschemadata/data_value.go:97 @module=sdk.framework tf_attribute_path=file_permission tf_req_id=b5ecc585-f6b2-2443-3d3a-69496c75ca45 tf_provider_addr=registry.terraform.io/hashicorp/local tf_resource_type=local_file tf_rpc=ValidateResourceTypeConfig timestamp=2026-08-15T18:29:13.605Z
2026-08-15T18:29:13.606Z [TRACE] provider.terraform-provider-local_v2.9.0_x5: Called provider defined Value ValidateAttribute: @caller=github.com/hashicorp/terraform-plugin-framework@v1.19.0/internal/fwschemadata/data_value.go:108 @module=sdk.framework tf_attribute_path=file_permission tf_provider_addr=registry.terraform.io/hashicorp/local tf_resource_type=local_file tf_req_id=b5ecc585-f6b2-2443-3d3a-69496c75ca45 tf_rpc=ValidateResourceTypeConfig timestamp=2026-08-15T18:29:13.605Z
2026-08-15T18:29:13.606Z [TRACE] provider.terraform-provider-local_v2.9.0_x5: Calling provider defined validator.String: @module=sdk.framework tf_attribute_path=content description="Ensure that one and only one attribute from this collection is set: \"[sensitive_content,content_base64,source]\"" tf_provider_addr=registry.terraform.io/hashicorp/local tf_req_id=b5ecc585-f6b2-2443-3d3a-69496c75ca45 tf_resource_type=local_file tf_rpc=ValidateResourceTypeConfig @caller=github.com/hashicorp/terraform-plugin-framework@v1.19.0/internal/fwserver/attribute_validation.go:908 timestamp=2026-08-15T18:29:13.605Z
2026-08-15T18:29:13.606Z [TRACE] provider.terraform-provider-local_v2.9.0_x5: Called provider defined validator.String: tf_req_id=b5ecc585-f6b2-2443-3d3a-69496c75ca45 tf_rpc=ValidateResourceTypeConfig @module=sdk.framework description="Ensure that one and only one attribute from this collection is set: \"[sensitive_content,content_base64,source]\"" tf_attribute_path=content tf_provider_addr=registry.terraform.io/hashicorp/local tf_resource_type=local_file @caller=github.com/hashicorp/terraform-plugin-framework@v1.19.0/internal/fwserver/attribute_validation.go:918 timestamp=2026-08-15T18:29:13.606Z
2026-08-15T18:29:13.606Z [TRACE] provider.terraform-provider-local_v2.9.0_x5: Value implements ValidateableAttribute: @module=sdk.framework tf_req_id=b5ecc585-f6b2-2443-3d3a-69496c75ca45 @caller=github.com/hashicorp/terraform-plugin-framework@v1.19.0/internal/fwschemadata/data_value.go:96 tf_attribute_path=directory_permission tf_provider_addr=registry.terraform.io/hashicorp/local tf_resource_type=local_file tf_rpc=ValidateResourceTypeConfig timestamp=2026-08-15T18:29:13.606Z
2026-08-15T18:29:13.606Z [TRACE] provider.terraform-provider-local_v2.9.0_x5: Calling provider defined Value ValidateAttribute: tf_provider_addr=registry.terraform.io/hashicorp/local tf_resource_type=local_file tf_rpc=ValidateResourceTypeConfig tf_attribute_path=directory_permission tf_req_id=b5ecc585-f6b2-2443-3d3a-69496c75ca45 @caller=github.com/hashicorp/terraform-plugin-framework@v1.19.0/internal/fwschemadata/data_value.go:97 @module=sdk.framework timestamp=2026-08-15T18:29:13.606Z
2026-08-15T18:29:13.606Z [TRACE] provider.terraform-provider-local_v2.9.0_x5: Called provider defined Value ValidateAttribute: tf_req_id=b5ecc585-f6b2-2443-3d3a-69496c75ca45 tf_resource_type=local_file tf_rpc=ValidateResourceTypeConfig @caller=github.com/hashicorp/terraform-plugin-framework@v1.19.0/internal/fwschemadata/data_value.go:108 @module=sdk.framework tf_attribute_path=directory_permission tf_provider_addr=registry.terraform.io/hashicorp/local timestamp=2026-08-15T18:29:13.606Z
2026-08-15T18:29:13.606Z [TRACE] provider.terraform-provider-local_v2.9.0_x5: Calling provider defined validator.String: tf_resource_type=local_file @caller=github.com/hashicorp/terraform-plugin-framework@v1.19.0/internal/fwserver/attribute_validation.go:908 @module=sdk.framework description="Ensure that one and only one attribute from this collection is set: \"[content,sensitive_content,source]\"" tf_provider_addr=registry.terraform.io/hashicorp/local tf_req_id=b5ecc585-f6b2-2443-3d3a-69496c75ca45 tf_rpc=ValidateResourceTypeConfig tf_attribute_path=content_base64 timestamp=2026-08-15T18:29:13.606Z
2026-08-15T18:29:13.606Z [TRACE] provider.terraform-provider-local_v2.9.0_x5: Called provider defined validator.String: @caller=github.com/hashicorp/terraform-plugin-framework@v1.19.0/internal/fwserver/attribute_validation.go:918 description="Ensure that one and only one attribute from this collection is set: \"[content,sensitive_content,source]\"" tf_provider_addr=registry.terraform.io/hashicorp/local tf_req_id=b5ecc585-f6b2-2443-3d3a-69496c75ca45 tf_resource_type=local_file tf_rpc=ValidateResourceTypeConfig @module=sdk.framework tf_attribute_path=content_base64 timestamp=2026-08-15T18:29:13.606Z
2026-08-15T18:29:13.606Z [TRACE] provider.terraform-provider-local_v2.9.0_x5: Received downstream response: tf_provider_addr=registry.terraform.io/hashicorp/local @caller=github.com/hashicorp/terraform-plugin-go@v0.31.0/tfprotov5/internal/tf5serverlogging/downstream_request.go:61 @module=sdk.proto tf_proto_version=5.11 tf_req_duration_ms=0 tf_req_id=b5ecc585-f6b2-2443-3d3a-69496c75ca45 tf_resource_type=local_file tf_rpc=ValidateResourceTypeConfig diagnostic_error_count=0 diagnostic_warning_count=0 timestamp=2026-08-15T18:29:13.606Z
2026-08-15T18:29:13.606Z [TRACE] provider.terraform-provider-local_v2.9.0_x5: Served request: tf_proto_version=5.11 tf_resource_type=local_file @caller=github.com/hashicorp/terraform-plugin-go@v0.31.0/tfprotov5/tf5server/server.go:783 @module=sdk.proto tf_provider_addr=registry.terraform.io/hashicorp/local tf_req_id=b5ecc585-f6b2-2443-3d3a-69496c75ca45 tf_rpc=ValidateResourceTypeConfig timestamp=2026-08-15T18:29:13.606Z
2026-08-15T18:29:13.606Z [TRACE] GRPCProvider: PlanResourceChange
2026-08-15T18:29:13.606Z [TRACE] GRPCProvider: GetProviderSchema
2026-08-15T18:29:13.606Z [TRACE] GRPCProvider: returning cached schema: EXTRA_VALUE_AT_END=registry.terraform.io/hashicorp/local
2026-08-15T18:29:13.607Z [TRACE] provider.terraform-provider-local_v2.9.0_x5: Received request: @caller=github.com/hashicorp/terraform-plugin-go@v0.31.0/tfprotov5/tf5server/server.go:890 @module=sdk.proto tf_provider_addr=registry.terraform.io/hashicorp/local tf_req_id=9526e9d2-7329-a3af-3125-c77d16606a86 tf_proto_version=5.11 tf_resource_type=local_file tf_rpc=PlanResourceChange timestamp=2026-08-15T18:29:13.607Z
2026-08-15T18:29:13.607Z [TRACE] provider.terraform-provider-local_v2.9.0_x5: Announced client capabilities: @caller=github.com/hashicorp/terraform-plugin-go@v0.31.0/tfprotov5/internal/tf5serverlogging/client_capabilities.go:80 tf_client_capability_deferral_allowed=false tf_provider_addr=registry.terraform.io/hashicorp/local tf_req_id=9526e9d2-7329-a3af-3125-c77d16606a86 tf_resource_type=local_file tf_rpc=PlanResourceChange @module=sdk.proto tf_proto_version=5.11 timestamp=2026-08-15T18:29:13.607Z
2026-08-15T18:29:13.607Z [TRACE] provider.terraform-provider-local_v2.9.0_x5: Sending request downstream: tf_rpc=PlanResourceChange @caller=github.com/hashicorp/terraform-plugin-go@v0.31.0/tfprotov5/internal/tf5serverlogging/downstream_request.go:22 tf_proto_version=5.11 tf_provider_addr=registry.terraform.io/hashicorp/local tf_req_id=9526e9d2-7329-a3af-3125-c77d16606a86 @module=sdk.proto tf_resource_type=local_file timestamp=2026-08-15T18:29:13.607Z
2026-08-15T18:29:13.607Z [TRACE] provider.terraform-provider-local_v2.9.0_x5: Checking ResourceTypes lock: @caller=github.com/hashicorp/terraform-plugin-framework@v1.19.0/internal/fwserver/server.go:649 @module=sdk.framework tf_req_id=9526e9d2-7329-a3af-3125-c77d16606a86 tf_rpc=PlanResourceChange tf_provider_addr=registry.terraform.io/hashicorp/local tf_resource_type=local_file timestamp=2026-08-15T18:29:13.607Z
2026-08-15T18:29:13.607Z [TRACE] provider.terraform-provider-local_v2.9.0_x5: Checking ResourceBehaviors lock: @module=sdk.framework tf_provider_addr=registry.terraform.io/hashicorp/local @caller=github.com/hashicorp/terraform-plugin-framework@v1.19.0/internal/fwserver/server.go:595 tf_req_id=9526e9d2-7329-a3af-3125-c77d16606a86 tf_resource_type=local_file tf_rpc=PlanResourceChange timestamp=2026-08-15T18:29:13.607Z
2026-08-15T18:29:13.607Z [TRACE] provider.terraform-provider-local_v2.9.0_x5: Value implements ValidateableAttribute: @module=sdk.framework tf_provider_addr=registry.terraform.io/hashicorp/local tf_req_id=9526e9d2-7329-a3af-3125-c77d16606a86 tf_rpc=PlanResourceChange @caller=github.com/hashicorp/terraform-plugin-framework@v1.19.0/internal/fwschemadata/data_value.go:96 tf_resource_type=local_file timestamp=2026-08-15T18:29:13.607Z
2026-08-15T18:29:13.607Z [TRACE] provider.terraform-provider-local_v2.9.0_x5: Calling provider defined Value ValidateAttribute: @module=sdk.framework tf_rpc=PlanResourceChange @caller=github.com/hashicorp/terraform-plugin-framework@v1.19.0/internal/fwschemadata/data_value.go:97 tf_provider_addr=registry.terraform.io/hashicorp/local tf_req_id=9526e9d2-7329-a3af-3125-c77d16606a86 tf_resource_type=local_file timestamp=2026-08-15T18:29:13.607Z
2026-08-15T18:29:13.607Z [TRACE] provider.terraform-provider-local_v2.9.0_x5: Called provider defined Value ValidateAttribute: @caller=github.com/hashicorp/terraform-plugin-framework@v1.19.0/internal/fwschemadata/data_value.go:108 tf_provider_addr=registry.terraform.io/hashicorp/local tf_req_id=9526e9d2-7329-a3af-3125-c77d16606a86 @module=sdk.framework tf_resource_type=local_file tf_rpc=PlanResourceChange timestamp=2026-08-15T18:29:13.607Z
2026-08-15T18:29:13.607Z [TRACE] provider.terraform-provider-local_v2.9.0_x5: setting attribute directory_permission to default value: "0777": tf_req_id=9526e9d2-7329-a3af-3125-c77d16606a86 @caller=github.com/hashicorp/terraform-plugin-framework@v1.19.0/internal/fwschemadata/data_default.go:370 tf_provider_addr=registry.terraform.io/hashicorp/local tf_resource_type=local_file tf_rpc=PlanResourceChange @module=sdk.framework timestamp=2026-08-15T18:29:13.607Z
2026-08-15T18:29:13.607Z [TRACE] provider.terraform-provider-local_v2.9.0_x5: Value implements ValidateableAttribute: @module=sdk.framework tf_provider_addr=registry.terraform.io/hashicorp/local tf_req_id=9526e9d2-7329-a3af-3125-c77d16606a86 tf_resource_type=local_file @caller=github.com/hashicorp/terraform-plugin-framework@v1.19.0/internal/fwschemadata/data_value.go:96 tf_rpc=PlanResourceChange timestamp=2026-08-15T18:29:13.607Z
2026-08-15T18:29:13.607Z [TRACE] provider.terraform-provider-local_v2.9.0_x5: Calling provider defined Value ValidateAttribute: tf_resource_type=local_file @module=sdk.framework tf_provider_addr=registry.terraform.io/hashicorp/local tf_rpc=PlanResourceChange @caller=github.com/hashicorp/terraform-plugin-framework@v1.19.0/internal/fwschemadata/data_value.go:97 tf_req_id=9526e9d2-7329-a3af-3125-c77d16606a86 timestamp=2026-08-15T18:29:13.607Z
2026-08-15T18:29:13.607Z [TRACE] provider.terraform-provider-local_v2.9.0_x5: Called provider defined Value ValidateAttribute: tf_provider_addr=registry.terraform.io/hashicorp/local tf_resource_type=local_file @caller=github.com/hashicorp/terraform-plugin-framework@v1.19.0/internal/fwschemadata/data_value.go:108 @module=sdk.framework tf_req_id=9526e9d2-7329-a3af-3125-c77d16606a86 tf_rpc=PlanResourceChange timestamp=2026-08-15T18:29:13.607Z
2026-08-15T18:29:13.607Z [TRACE] provider.terraform-provider-local_v2.9.0_x5: setting attribute file_permission to default value: "0777": @caller=github.com/hashicorp/terraform-plugin-framework@v1.19.0/internal/fwschemadata/data_default.go:370 tf_provider_addr=registry.terraform.io/hashicorp/local tf_rpc=PlanResourceChange @module=sdk.framework tf_req_id=9526e9d2-7329-a3af-3125-c77d16606a86 tf_resource_type=local_file timestamp=2026-08-15T18:29:13.607Z
2026-08-15T18:29:13.608Z [TRACE] provider.terraform-provider-local_v2.9.0_x5: Value implements ValidateableAttribute: tf_req_id=9526e9d2-7329-a3af-3125-c77d16606a86 tf_rpc=PlanResourceChange tf_provider_addr=registry.terraform.io/hashicorp/local tf_resource_type=local_file @caller=github.com/hashicorp/terraform-plugin-framework@v1.19.0/internal/fwschemadata/data_value.go:96 @module=sdk.framework timestamp=2026-08-15T18:29:13.608Z
2026-08-15T18:29:13.608Z [TRACE] provider.terraform-provider-local_v2.9.0_x5: Calling provider defined Value ValidateAttribute: @caller=github.com/hashicorp/terraform-plugin-framework@v1.19.0/internal/fwschemadata/data_value.go:97 tf_resource_type=local_file @module=sdk.framework tf_provider_addr=registry.terraform.io/hashicorp/local tf_req_id=9526e9d2-7329-a3af-3125-c77d16606a86 tf_rpc=PlanResourceChange timestamp=2026-08-15T18:29:13.608Z
2026-08-15T18:29:13.608Z [TRACE] provider.terraform-provider-local_v2.9.0_x5: Called provider defined Value ValidateAttribute: tf_resource_type=local_file tf_rpc=PlanResourceChange tf_provider_addr=registry.terraform.io/hashicorp/local tf_req_id=9526e9d2-7329-a3af-3125-c77d16606a86 @caller=github.com/hashicorp/terraform-plugin-framework@v1.19.0/internal/fwschemadata/data_value.go:108 @module=sdk.framework timestamp=2026-08-15T18:29:13.608Z
2026-08-15T18:29:13.608Z [TRACE] provider.terraform-provider-local_v2.9.0_x5: Value implements ValidateableAttribute: @caller=github.com/hashicorp/terraform-plugin-framework@v1.19.0/internal/fwschemadata/data_value.go:96 @module=sdk.framework tf_provider_addr=registry.terraform.io/hashicorp/local tf_req_id=9526e9d2-7329-a3af-3125-c77d16606a86 tf_resource_type=local_file tf_rpc=PlanResourceChange timestamp=2026-08-15T18:29:13.608Z
2026-08-15T18:29:13.608Z [TRACE] provider.terraform-provider-local_v2.9.0_x5: Calling provider defined Value ValidateAttribute: tf_resource_type=local_file tf_rpc=PlanResourceChange @caller=github.com/hashicorp/terraform-plugin-framework@v1.19.0/internal/fwschemadata/data_value.go:97 @module=sdk.framework tf_provider_addr=registry.terraform.io/hashicorp/local tf_req_id=9526e9d2-7329-a3af-3125-c77d16606a86 timestamp=2026-08-15T18:29:13.608Z
2026-08-15T18:29:13.608Z [TRACE] provider.terraform-provider-local_v2.9.0_x5: Called provider defined Value ValidateAttribute: @module=sdk.framework tf_provider_addr=registry.terraform.io/hashicorp/local tf_req_id=9526e9d2-7329-a3af-3125-c77d16606a86 tf_resource_type=local_file @caller=github.com/hashicorp/terraform-plugin-framework@v1.19.0/internal/fwschemadata/data_value.go:108 tf_rpc=PlanResourceChange timestamp=2026-08-15T18:29:13.608Z
2026-08-15T18:29:13.608Z [TRACE] provider.terraform-provider-local_v2.9.0_x5: Value implements ValidateableAttribute: @module=sdk.framework @caller=github.com/hashicorp/terraform-plugin-framework@v1.19.0/internal/fwschemadata/data_value.go:96 tf_provider_addr=registry.terraform.io/hashicorp/local tf_req_id=9526e9d2-7329-a3af-3125-c77d16606a86 tf_resource_type=local_file tf_rpc=PlanResourceChange timestamp=2026-08-15T18:29:13.608Z
2026-08-15T18:29:13.608Z [TRACE] provider.terraform-provider-local_v2.9.0_x5: Calling provider defined Value ValidateAttribute: @module=sdk.framework tf_provider_addr=registry.terraform.io/hashicorp/local tf_req_id=9526e9d2-7329-a3af-3125-c77d16606a86 tf_resource_type=local_file tf_rpc=PlanResourceChange @caller=github.com/hashicorp/terraform-plugin-framework@v1.19.0/internal/fwschemadata/data_value.go:97 timestamp=2026-08-15T18:29:13.608Z
2026-08-15T18:29:13.608Z [TRACE] provider.terraform-provider-local_v2.9.0_x5: Called provider defined Value ValidateAttribute: @module=sdk.framework tf_req_id=9526e9d2-7329-a3af-3125-c77d16606a86 tf_rpc=PlanResourceChange @caller=github.com/hashicorp/terraform-plugin-framework@v1.19.0/internal/fwschemadata/data_value.go:108 tf_provider_addr=registry.terraform.io/hashicorp/local tf_resource_type=local_file timestamp=2026-08-15T18:29:13.608Z
2026-08-15T18:29:13.608Z [TRACE] provider.terraform-provider-local_v2.9.0_x5: Calling provider defined planmodifier.String: tf_attribute_path=directory_permission tf_provider_addr=registry.terraform.io/hashicorp/local tf_req_id=9526e9d2-7329-a3af-3125-c77d16606a86 tf_resource_type=local_file tf_rpc=PlanResourceChange @caller=github.com/hashicorp/terraform-plugin-framework@v1.19.0/internal/fwserver/attribute_plan_modification.go:2399 @module=sdk.framework description="If the value of this attribute changes, Terraform will destroy and recreate the resource." timestamp=2026-08-15T18:29:13.608Z
2026-08-15T18:29:13.608Z [TRACE] provider.terraform-provider-local_v2.9.0_x5: Called provider defined planmodifier.String: description="If the value of this attribute changes, Terraform will destroy and recreate the resource." tf_attribute_path=directory_permission tf_provider_addr=registry.terraform.io/hashicorp/local @caller=github.com/hashicorp/terraform-plugin-framework@v1.19.0/internal/fwserver/attribute_plan_modification.go:2409 @module=sdk.framework tf_req_id=9526e9d2-7329-a3af-3125-c77d16606a86 tf_resource_type=local_file tf_rpc=PlanResourceChange timestamp=2026-08-15T18:29:13.608Z
2026-08-15T18:29:13.608Z [TRACE] provider.terraform-provider-local_v2.9.0_x5: Value implements ValidateableAttribute: @caller=github.com/hashicorp/terraform-plugin-framework@v1.19.0/internal/fwschemadata/data_set_at_path.go:122 @module=sdk.framework tf_provider_addr=registry.terraform.io/hashicorp/local tf_req_id=9526e9d2-7329-a3af-3125-c77d16606a86 tf_resource_type=local_file tf_rpc=PlanResourceChange tf_attribute_path=directory_permission timestamp=2026-08-15T18:29:13.608Z
2026-08-15T18:29:13.608Z [TRACE] provider.terraform-provider-local_v2.9.0_x5: Calling provider defined Value ValidateAttribute: @caller=github.com/hashicorp/terraform-plugin-framework@v1.19.0/internal/fwschemadata/data_set_at_path.go:123 tf_req_id=9526e9d2-7329-a3af-3125-c77d16606a86 tf_resource_type=local_file tf_rpc=PlanResourceChange @module=sdk.framework tf_attribute_path=directory_permission tf_provider_addr=registry.terraform.io/hashicorp/local timestamp=2026-08-15T18:29:13.608Z
2026-08-15T18:29:13.609Z [TRACE] provider.terraform-provider-local_v2.9.0_x5: Called provider defined Value ValidateAttribute: @caller=github.com/hashicorp/terraform-plugin-framework@v1.19.0/internal/fwschemadata/data_set_at_path.go:132 @module=sdk.framework tf_attribute_path=directory_permission tf_req_id=9526e9d2-7329-a3af-3125-c77d16606a86 tf_rpc=PlanResourceChange tf_provider_addr=registry.terraform.io/hashicorp/local tf_resource_type=local_file timestamp=2026-08-15T18:29:13.608Z
2026-08-15T18:29:13.609Z [TRACE] provider.terraform-provider-local_v2.9.0_x5: Calling provider defined planmodifier.String: @caller=github.com/hashicorp/terraform-plugin-framework@v1.19.0/internal/fwserver/attribute_plan_modification.go:2399 description="If the value of this attribute changes, Terraform will destroy and recreate the resource." tf_attribute_path=content_base64 tf_req_id=9526e9d2-7329-a3af-3125-c77d16606a86 tf_resource_type=local_file tf_rpc=PlanResourceChange @module=sdk.framework tf_provider_addr=registry.terraform.io/hashicorp/local timestamp=2026-08-15T18:29:13.609Z
2026-08-15T18:29:13.609Z [TRACE] provider.terraform-provider-local_v2.9.0_x5: Called provider defined planmodifier.String: tf_rpc=PlanResourceChange @module=sdk.framework description="If the value of this attribute changes, Terraform will destroy and recreate the resource." tf_provider_addr=registry.terraform.io/hashicorp/local tf_resource_type=local_file @caller=github.com/hashicorp/terraform-plugin-framework@v1.19.0/internal/fwserver/attribute_plan_modification.go:2409 tf_attribute_path=content_base64 tf_req_id=9526e9d2-7329-a3af-3125-c77d16606a86 timestamp=2026-08-15T18:29:13.609Z
2026-08-15T18:29:13.609Z [TRACE] provider.terraform-provider-local_v2.9.0_x5: Calling provider defined planmodifier.String: tf_resource_type=local_file tf_rpc=PlanResourceChange @caller=github.com/hashicorp/terraform-plugin-framework@v1.19.0/internal/fwserver/attribute_plan_modification.go:2399 tf_provider_addr=registry.terraform.io/hashicorp/local @module=sdk.framework description="If the value of this attribute changes, Terraform will destroy and recreate the resource." tf_attribute_path=source tf_req_id=9526e9d2-7329-a3af-3125-c77d16606a86 timestamp=2026-08-15T18:29:13.609Z
2026-08-15T18:29:13.609Z [TRACE] provider.terraform-provider-local_v2.9.0_x5: Called provider defined planmodifier.String: tf_resource_type=local_file @module=sdk.framework description="If the value of this attribute changes, Terraform will destroy and recreate the resource." tf_attribute_path=source tf_provider_addr=registry.terraform.io/hashicorp/local tf_req_id=9526e9d2-7329-a3af-3125-c77d16606a86 tf_rpc=PlanResourceChange @caller=github.com/hashicorp/terraform-plugin-framework@v1.19.0/internal/fwserver/attribute_plan_modification.go:2409 timestamp=2026-08-15T18:29:13.609Z
2026-08-15T18:29:13.609Z [TRACE] provider.terraform-provider-local_v2.9.0_x5: Calling provider defined planmodifier.String: description="If the value of this attribute changes, Terraform will destroy and recreate the resource." @caller=github.com/hashicorp/terraform-plugin-framework@v1.19.0/internal/fwserver/attribute_plan_modification.go:2399 @module=sdk.framework tf_attribute_path=filename tf_provider_addr=registry.terraform.io/hashicorp/local tf_req_id=9526e9d2-7329-a3af-3125-c77d16606a86 tf_resource_type=local_file tf_rpc=PlanResourceChange timestamp=2026-08-15T18:29:13.609Z
2026-08-15T18:29:13.609Z [TRACE] provider.terraform-provider-local_v2.9.0_x5: Called provider defined planmodifier.String: tf_req_id=9526e9d2-7329-a3af-3125-c77d16606a86 tf_resource_type=local_file @module=sdk.framework tf_provider_addr=registry.terraform.io/hashicorp/local tf_rpc=PlanResourceChange @caller=github.com/hashicorp/terraform-plugin-framework@v1.19.0/internal/fwserver/attribute_plan_modification.go:2409 description="If the value of this attribute changes, Terraform will destroy and recreate the resource." tf_attribute_path=filename timestamp=2026-08-15T18:29:13.609Z
2026-08-15T18:29:13.609Z [TRACE] provider.terraform-provider-local_v2.9.0_x5: Calling provider defined planmodifier.String: tf_resource_type=local_file tf_rpc=PlanResourceChange @caller=github.com/hashicorp/terraform-plugin-framework@v1.19.0/internal/fwserver/attribute_plan_modification.go:2399 @module=sdk.framework description="If the value of this attribute changes, Terraform will destroy and recreate the resource." tf_attribute_path=content tf_req_id=9526e9d2-7329-a3af-3125-c77d16606a86 tf_provider_addr=registry.terraform.io/hashicorp/local timestamp=2026-08-15T18:29:13.609Z
2026-08-15T18:29:13.609Z [TRACE] provider.terraform-provider-local_v2.9.0_x5: Called provider defined planmodifier.String: tf_attribute_path=content tf_rpc=PlanResourceChange @module=sdk.framework tf_provider_addr=registry.terraform.io/hashicorp/local tf_req_id=9526e9d2-7329-a3af-3125-c77d16606a86 tf_resource_type=local_file @caller=github.com/hashicorp/terraform-plugin-framework@v1.19.0/internal/fwserver/attribute_plan_modification.go:2409 description="If the value of this attribute changes, Terraform will destroy and recreate the resource." timestamp=2026-08-15T18:29:13.609Z
2026-08-15T18:29:13.609Z [TRACE] provider.terraform-provider-local_v2.9.0_x5: Calling provider defined planmodifier.String: description="If the value of this attribute changes, Terraform will destroy and recreate the resource." tf_provider_addr=registry.terraform.io/hashicorp/local tf_req_id=9526e9d2-7329-a3af-3125-c77d16606a86 tf_rpc=PlanResourceChange @caller=github.com/hashicorp/terraform-plugin-framework@v1.19.0/internal/fwserver/attribute_plan_modification.go:2399 @module=sdk.framework tf_attribute_path=sensitive_content tf_resource_type=local_file timestamp=2026-08-15T18:29:13.609Z
2026-08-15T18:29:13.610Z [TRACE] provider.terraform-provider-local_v2.9.0_x5: Called provider defined planmodifier.String: tf_resource_type=local_file tf_attribute_path=sensitive_content tf_provider_addr=registry.terraform.io/hashicorp/local tf_req_id=9526e9d2-7329-a3af-3125-c77d16606a86 tf_rpc=PlanResourceChange @caller=github.com/hashicorp/terraform-plugin-framework@v1.19.0/internal/fwserver/attribute_plan_modification.go:2409 @module=sdk.framework description="If the value of this attribute changes, Terraform will destroy and recreate the resource." timestamp=2026-08-15T18:29:13.609Z
2026-08-15T18:29:13.610Z [TRACE] provider.terraform-provider-local_v2.9.0_x5: Value implements ValidateableAttribute: @caller=github.com/hashicorp/terraform-plugin-framework@v1.19.0/internal/fwschemadata/data_value.go:96 @module=sdk.framework tf_provider_addr=registry.terraform.io/hashicorp/local tf_req_id=9526e9d2-7329-a3af-3125-c77d16606a86 tf_rpc=PlanResourceChange tf_resource_type=local_file timestamp=2026-08-15T18:29:13.610Z
2026-08-15T18:29:13.610Z [TRACE] provider.terraform-provider-local_v2.9.0_x5: Calling provider defined Value ValidateAttribute: tf_provider_addr=registry.terraform.io/hashicorp/local tf_resource_type=local_file @caller=github.com/hashicorp/terraform-plugin-framework@v1.19.0/internal/fwschemadata/data_value.go:97 @module=sdk.framework tf_req_id=9526e9d2-7329-a3af-3125-c77d16606a86 tf_rpc=PlanResourceChange timestamp=2026-08-15T18:29:13.610Z
2026-08-15T18:29:13.610Z [TRACE] provider.terraform-provider-local_v2.9.0_x5: Called provider defined Value ValidateAttribute: tf_resource_type=local_file tf_rpc=PlanResourceChange tf_provider_addr=registry.terraform.io/hashicorp/local @caller=github.com/hashicorp/terraform-plugin-framework@v1.19.0/internal/fwschemadata/data_value.go:108 @module=sdk.framework tf_req_id=9526e9d2-7329-a3af-3125-c77d16606a86 timestamp=2026-08-15T18:29:13.610Z
2026-08-15T18:29:13.610Z [TRACE] provider.terraform-provider-local_v2.9.0_x5: Value implements ValidateableAttribute: tf_req_id=9526e9d2-7329-a3af-3125-c77d16606a86 @caller=github.com/hashicorp/terraform-plugin-framework@v1.19.0/internal/fwschemadata/data_value.go:96 tf_provider_addr=registry.terraform.io/hashicorp/local tf_resource_type=local_file tf_rpc=PlanResourceChange @module=sdk.framework timestamp=2026-08-15T18:29:13.610Z
2026-08-15T18:29:13.610Z [TRACE] provider.terraform-provider-local_v2.9.0_x5: Calling provider defined Value ValidateAttribute: tf_req_id=9526e9d2-7329-a3af-3125-c77d16606a86 @module=sdk.framework tf_provider_addr=registry.terraform.io/hashicorp/local tf_resource_type=local_file tf_rpc=PlanResourceChange @caller=github.com/hashicorp/terraform-plugin-framework@v1.19.0/internal/fwschemadata/data_value.go:97 timestamp=2026-08-15T18:29:13.610Z
2026-08-15T18:29:13.610Z [TRACE] provider.terraform-provider-local_v2.9.0_x5: Called provider defined Value ValidateAttribute: tf_req_id=9526e9d2-7329-a3af-3125-c77d16606a86 @module=sdk.framework tf_resource_type=local_file tf_rpc=PlanResourceChange @caller=github.com/hashicorp/terraform-plugin-framework@v1.19.0/internal/fwschemadata/data_value.go:108 tf_provider_addr=registry.terraform.io/hashicorp/local timestamp=2026-08-15T18:29:13.610Z
2026-08-15T18:29:13.610Z [TRACE] provider.terraform-provider-local_v2.9.0_x5: Value implements ValidateableAttribute: @caller=github.com/hashicorp/terraform-plugin-framework@v1.19.0/internal/fwschemadata/data_value.go:96 tf_resource_type=local_file @module=sdk.framework tf_provider_addr=registry.terraform.io/hashicorp/local tf_req_id=9526e9d2-7329-a3af-3125-c77d16606a86 tf_rpc=PlanResourceChange timestamp=2026-08-15T18:29:13.610Z
2026-08-15T18:29:13.610Z [TRACE] provider.terraform-provider-local_v2.9.0_x5: Calling provider defined Value ValidateAttribute: @module=sdk.framework tf_req_id=9526e9d2-7329-a3af-3125-c77d16606a86 tf_rpc=PlanResourceChange tf_provider_addr=registry.terraform.io/hashicorp/local tf_resource_type=local_file @caller=github.com/hashicorp/terraform-plugin-framework@v1.19.0/internal/fwschemadata/data_value.go:97 timestamp=2026-08-15T18:29:13.610Z
2026-08-15T18:29:13.610Z [TRACE] provider.terraform-provider-local_v2.9.0_x5: Called provider defined Value ValidateAttribute: @module=sdk.framework tf_provider_addr=registry.terraform.io/hashicorp/local @caller=github.com/hashicorp/terraform-plugin-framework@v1.19.0/internal/fwschemadata/data_value.go:108 tf_req_id=9526e9d2-7329-a3af-3125-c77d16606a86 tf_resource_type=local_file tf_rpc=PlanResourceChange timestamp=2026-08-15T18:29:13.610Z
2026-08-15T18:29:13.610Z [TRACE] provider.terraform-provider-local_v2.9.0_x5: Calling provider defined planmodifier.String: tf_attribute_path=file_permission tf_resource_type=local_file tf_rpc=PlanResourceChange @caller=github.com/hashicorp/terraform-plugin-framework@v1.19.0/internal/fwserver/attribute_plan_modification.go:2399 @module=sdk.framework tf_provider_addr=registry.terraform.io/hashicorp/local tf_req_id=9526e9d2-7329-a3af-3125-c77d16606a86 description="If the value of this attribute changes, Terraform will destroy and recreate the resource." timestamp=2026-08-15T18:29:13.610Z
2026-08-15T18:29:13.610Z [TRACE] provider.terraform-provider-local_v2.9.0_x5: Called provider defined planmodifier.String: tf_resource_type=local_file tf_rpc=PlanResourceChange @caller=github.com/hashicorp/terraform-plugin-framework@v1.19.0/internal/fwserver/attribute_plan_modification.go:2409 tf_attribute_path=file_permission tf_provider_addr=registry.terraform.io/hashicorp/local @module=sdk.framework description="If the value of this attribute changes, Terraform will destroy and recreate the resource." tf_req_id=9526e9d2-7329-a3af-3125-c77d16606a86 timestamp=2026-08-15T18:29:13.610Z
2026-08-15T18:29:13.610Z [TRACE] provider.terraform-provider-local_v2.9.0_x5: Value implements ValidateableAttribute: @caller=github.com/hashicorp/terraform-plugin-framework@v1.19.0/internal/fwschemadata/data_set_at_path.go:122 @module=sdk.framework tf_attribute_path=file_permission tf_provider_addr=registry.terraform.io/hashicorp/local tf_rpc=PlanResourceChange tf_req_id=9526e9d2-7329-a3af-3125-c77d16606a86 tf_resource_type=local_file timestamp=2026-08-15T18:29:13.610Z
2026-08-15T18:29:13.610Z [TRACE] provider.terraform-provider-local_v2.9.0_x5: Calling provider defined Value ValidateAttribute: @module=sdk.framework tf_provider_addr=registry.terraform.io/hashicorp/local @caller=github.com/hashicorp/terraform-plugin-framework@v1.19.0/internal/fwschemadata/data_set_at_path.go:123 tf_attribute_path=file_permission tf_req_id=9526e9d2-7329-a3af-3125-c77d16606a86 tf_resource_type=local_file tf_rpc=PlanResourceChange timestamp=2026-08-15T18:29:13.610Z
2026-08-15T18:29:13.610Z [TRACE] provider.terraform-provider-local_v2.9.0_x5: Called provider defined Value ValidateAttribute: @module=sdk.framework tf_req_id=9526e9d2-7329-a3af-3125-c77d16606a86 tf_resource_type=local_file tf_rpc=PlanResourceChange @caller=github.com/hashicorp/terraform-plugin-framework@v1.19.0/internal/fwschemadata/data_set_at_path.go:132 tf_attribute_path=file_permission tf_provider_addr=registry.terraform.io/hashicorp/local timestamp=2026-08-15T18:29:13.610Z
2026-08-15T18:29:13.610Z [TRACE] provider.terraform-provider-local_v2.9.0_x5: Received downstream response: tf_req_id=9526e9d2-7329-a3af-3125-c77d16606a86 @caller=github.com/hashicorp/terraform-plugin-go@v0.31.0/tfprotov5/internal/tf5serverlogging/downstream_request.go:61 @module=sdk.proto diagnostic_warning_count=0 tf_resource_type=local_file tf_rpc=PlanResourceChange diagnostic_error_count=0 tf_proto_version=5.11 tf_provider_addr=registry.terraform.io/hashicorp/local tf_req_duration_ms=2 timestamp=2026-08-15T18:29:13.610Z
2026-08-15T18:29:13.610Z [TRACE] provider.terraform-provider-local_v2.9.0_x5: Served request: tf_req_id=9526e9d2-7329-a3af-3125-c77d16606a86 tf_resource_type=local_file @caller=github.com/hashicorp/terraform-plugin-go@v0.31.0/tfprotov5/tf5server/server.go:922 @module=sdk.proto tf_rpc=PlanResourceChange tf_proto_version=5.11 tf_provider_addr=registry.terraform.io/hashicorp/local timestamp=2026-08-15T18:29:13.610Z
2026-08-15T18:29:13.613Z [TRACE] writeChange: recorded NoOp change for local_file.demo
2026-08-15T18:29:13.613Z [TRACE] terraform.contextPlugins: Schema for provider "registry.terraform.io/hashicorp/local" is in the global cache
2026-08-15T18:29:13.613Z [TRACE] NodeAbstractResourceInstance.writeResourceInstanceState to workingState for local_file.demo
2026-08-15T18:29:13.613Z [TRACE] NodeAbstractResourceInstance.writeResourceInstanceState: writing state object for local_file.demo
2026-08-15T18:29:13.613Z [TRACE] vertex "local_file.demo": visit complete
2026-08-15T18:29:13.613Z [TRACE] vertex "root": starting visit (terraform.graphNodeRoot)
2026-08-15T18:29:13.613Z [TRACE] vertex "root": does not belong to any module instance
2026-08-15T18:29:13.613Z [TRACE] vertex "root": visit complete
2026-08-15T18:29:13.613Z [TRACE] vertex "local_file.demo (expand)": dynamic subgraph completed successfully
2026-08-15T18:29:13.613Z [TRACE] vertex "local_file.demo (expand)": visit complete
2026-08-15T18:29:13.613Z [TRACE] vertex "provider[\"registry.terraform.io/hashicorp/local\"] (close)": starting visit (*terraform.graphNodeCloseProvider)
2026-08-15T18:29:13.614Z [TRACE] vertex "provider[\"registry.terraform.io/hashicorp/local\"] (close)": does not belong to any module instance
2026-08-15T18:29:13.614Z [TRACE] GRPCProvider: Close
2026-08-15T18:29:13.614Z [DEBUG] provider.stdio: received EOF, stopping recv loop: err="rpc error: code = Unavailable desc = error reading from server: EOF"
2026-08-15T18:29:13.615Z [INFO]  provider: plugin process exited: plugin=.terraform/providers/registry.terraform.io/hashicorp/local/2.9.0/linux_amd64/terraform-provider-local_v2.9.0_x5 id=3303
2026-08-15T18:29:13.615Z [DEBUG] provider: plugin exited
2026-08-15T18:29:13.615Z [TRACE] vertex "provider[\"registry.terraform.io/hashicorp/local\"] (close)": visit complete
2026-08-15T18:29:13.615Z [TRACE] vertex "root": starting visit (*terraform.nodeCloseModule)
2026-08-15T18:29:13.615Z [TRACE] vertex "root": does not belong to any module instance
2026-08-15T18:29:13.615Z [TRACE] vertex "root": visit complete
2026-08-15T18:29:13.615Z [TRACE] LoadSchemas: retrieving schema for provider type "registry.terraform.io/hashicorp/local"
2026-08-15T18:29:13.615Z [TRACE] terraform.contextPlugins: Schema for provider "registry.terraform.io/hashicorp/local" is in the global cache
2026-08-15T18:29:13.615Z [TRACE] Plan is complete
2026-08-15T18:29:13.615Z [TRACE] Plan is not applyable
2026-08-15T18:29:13.615Z [TRACE] terraform.contextPlugins: Schema for provider "registry.terraform.io/hashicorp/local" is in the global cache
2026-08-15T18:29:13.615Z [TRACE] LoadSchemas: retrieving schema for provider type "registry.terraform.io/hashicorp/local"
2026-08-15T18:29:13.615Z [TRACE] terraform.contextPlugins: Schema for provider "registry.terraform.io/hashicorp/local" is in the global cache
2026-08-15T18:29:13.615Z [DEBUG] no planned changes, skipping apply graph check
2026-08-15T18:29:13.616Z [INFO]  backend/local: apply calling Apply
2026-08-15T18:29:13.616Z [DEBUG] Building and walking apply graph for NormalMode plan
2026-08-15T18:29:13.616Z [TRACE] Applying a no-op plan
2026-08-15T18:29:13.616Z [TRACE] Executing graph transform *terraform.ConfigTransformer
2026-08-15T18:29:13.616Z [TRACE] ConfigTransformer: Starting for path:
2026-08-15T18:29:13.616Z [TRACE] Executing graph transform *terraform.RootVariableTransformer
2026-08-15T18:29:13.616Z [TRACE] Executing graph transform *terraform.ModuleVariableTransformer
2026-08-15T18:29:13.616Z [TRACE] Executing graph transform *terraform.variableValidationTransformer
2026-08-15T18:29:13.616Z [TRACE] variableValidationTransformer: adding validation nodes for any existing variable evaluation nodes
2026-08-15T18:29:13.616Z [TRACE] Executing graph transform *terraform.LocalTransformer
2026-08-15T18:29:13.616Z [TRACE] Executing graph transform *terraform.OutputTransformer
2026-08-15T18:29:13.616Z [TRACE] Executing graph transform *terraform.DiffTransformer
2026-08-15T18:29:13.616Z [TRACE] DiffTransformer starting
2026-08-15T18:29:13.617Z [TRACE] DiffTransformer: found NoOp change for local_file.demo
2026-08-15T18:29:13.617Z [TRACE] DiffTransformer complete
2026-08-15T18:29:13.617Z [TRACE] Executing graph transform *terraform.ActionTriggerConfigTransformer
2026-08-15T18:29:13.617Z [TRACE] Executing graph transform *terraform.ActionInvokeApplyTransformer
2026-08-15T18:29:13.617Z [TRACE] Executing graph transform *terraform.ActionDiffTransformer
2026-08-15T18:29:13.617Z [TRACE] Executing graph transform *terraform.DeferredTransformer
2026-08-15T18:29:13.617Z [TRACE] Executing graph transform *terraform.checkTransformer
2026-08-15T18:29:13.617Z [TRACE] Executing graph transform *terraform.AttachStateTransformer
2026-08-15T18:29:13.617Z [TRACE] Executing graph transform *terraform.OrphanOutputTransformer
2026-08-15T18:29:13.617Z [TRACE] Executing graph transform *terraform.AttachResourceConfigTransformer
2026-08-15T18:29:13.617Z [TRACE] AttachResourceConfigTransformer: attaching to "local_file.demo (expand)" (*terraform.nodeExpandApplyableResource) config from hcl.Range{Filename:"terraform.tf", Start:hcl.Pos{Line:10, Column:1, Byte:121}, End:hcl.Pos{Line:10, Column:29, Byte:149}}
2026-08-15T18:29:13.617Z [TRACE] AttachResourceConfigTransformer: attaching provider meta configs to local_file.demo (expand)
2026-08-15T18:29:13.617Z [TRACE] Executing graph transform *terraform.graphTransformerMulti
2026-08-15T18:29:13.617Z [TRACE] (graphTransformerMulti) Executing graph transform *terraform.externalProviderTransformer
2026-08-15T18:29:13.617Z [TRACE] (graphTransformerMulti) Completed graph transform *terraform.externalProviderTransformer with new graph:
  local_file.demo (expand) - *terraform.nodeExpandApplyableResource
  ------
2026-08-15T18:29:13.617Z [TRACE] (graphTransformerMulti) Executing graph transform *terraform.ProviderConfigTransformer
2026-08-15T18:29:13.617Z [TRACE] (graphTransformerMulti) Completed graph transform *terraform.ProviderConfigTransformer with new graph:
  local_file.demo (expand) - *terraform.nodeExpandApplyableResource
  provider["registry.terraform.io/hashicorp/local"] - *terraform.NodeApplyableProvider
  ------
2026-08-15T18:29:13.617Z [TRACE] (graphTransformerMulti) Executing graph transform *terraform.MissingProviderTransformer
2026-08-15T18:29:13.617Z [TRACE] (graphTransformerMulti) Completed graph transform *terraform.MissingProviderTransformer (no changes)
2026-08-15T18:29:13.617Z [TRACE] (graphTransformerMulti) Executing graph transform *terraform.ProviderTransformer
2026-08-15T18:29:13.617Z [TRACE] ProviderTransformer: exact match for provider["registry.terraform.io/hashicorp/local"] serving local_file.demo (expand)
2026-08-15T18:29:13.617Z [DEBUG] ProviderTransformer: "local_file.demo (expand)" (*terraform.nodeExpandApplyableResource) needs provider["registry.terraform.io/hashicorp/local"]
2026-08-15T18:29:13.617Z [TRACE] (graphTransformerMulti) Completed graph transform *terraform.ProviderTransformer with new graph:
  local_file.demo (expand) - *terraform.nodeExpandApplyableResource
    provider["registry.terraform.io/hashicorp/local"] - *terraform.NodeApplyableProvider
  provider["registry.terraform.io/hashicorp/local"] - *terraform.NodeApplyableProvider
  ------
2026-08-15T18:29:13.617Z [TRACE] (graphTransformerMulti) Executing graph transform *terraform.PruneProviderTransformer
2026-08-15T18:29:13.617Z [TRACE] (graphTransformerMulti) Completed graph transform *terraform.PruneProviderTransformer (no changes)
2026-08-15T18:29:13.617Z [TRACE] Executing graph transform *terraform.RemovedModuleTransformer
2026-08-15T18:29:13.617Z [TRACE] Executing graph transform *terraform.AttachSchemaTransformer
2026-08-15T18:29:13.617Z [TRACE] terraform.contextPlugins: Schema for provider "registry.terraform.io/hashicorp/local" is in the global cache
2026-08-15T18:29:13.617Z [TRACE] AttachSchemaTransformer: attaching provider config schema to provider["registry.terraform.io/hashicorp/local"]
2026-08-15T18:29:13.617Z [TRACE] terraform.contextPlugins: Schema for provider "registry.terraform.io/hashicorp/local" is in the global cache
2026-08-15T18:29:13.617Z [TRACE] AttachSchemaTransformer: attaching resource schema to local_file.demo (expand)
2026-08-15T18:29:13.617Z [TRACE] Executing graph transform *terraform.ModuleExpansionTransformer
2026-08-15T18:29:13.617Z [TRACE] Executing graph transform *terraform.ExternalReferenceTransformer
2026-08-15T18:29:13.617Z [TRACE] Executing graph transform *terraform.ReferenceTransformer
2026-08-15T18:29:13.617Z [DEBUG] ReferenceTransformer: "local_file.demo (expand)" references: []
2026-08-15T18:29:13.617Z [DEBUG] ReferenceTransformer: "provider[\"registry.terraform.io/hashicorp/local\"]" references: []
2026-08-15T18:29:13.617Z [TRACE] Executing graph transform *terraform.AttachDependenciesTransformer
2026-08-15T18:29:13.617Z [TRACE] Executing graph transform *terraform.checkStartTransformer
2026-08-15T18:29:13.617Z [TRACE] Executing graph transform *terraform.ForcedCBDTransformer
2026-08-15T18:29:13.617Z [TRACE] ForcedCBDTransformer: "local_file.demo (expand)" (*terraform.nodeExpandApplyableResource) has no CBD descendant, so skipping
2026-08-15T18:29:13.617Z [TRACE] Executing graph transform *terraform.DestroyEdgeTransformer
2026-08-15T18:29:13.617Z [TRACE] Executing graph transform *terraform.CBDEdgeTransformer
2026-08-15T18:29:13.617Z [TRACE] Executing graph transform *terraform.pruneUnusedNodesTransformer
2026-08-15T18:29:13.617Z [TRACE] Executing graph transform *terraform.TargetsTransformer
2026-08-15T18:29:13.617Z [TRACE] Executing graph transform *terraform.ephemeralResourceCloseTransformer
2026-08-15T18:29:13.617Z [TRACE] Executing graph transform *terraform.CloseProviderTransformer
2026-08-15T18:29:13.617Z [TRACE] Executing graph transform *terraform.CloseRootModuleTransformer
2026-08-15T18:29:13.617Z [TRACE] Executing graph transform *terraform.TransitiveReductionTransformer
2026-08-15T18:29:13.617Z [TRACE] Completed graph transform:
local_file.demo (expand) - *terraform.nodeExpandApplyableResource
  provider["registry.terraform.io/hashicorp/local"] - *terraform.NodeApplyableProvider
provider["registry.terraform.io/hashicorp/local"] - *terraform.NodeApplyableProvider
provider["registry.terraform.io/hashicorp/local"] (close) - *terraform.graphNodeCloseProvider
  local_file.demo (expand) - *terraform.nodeExpandApplyableResource
root - *terraform.nodeCloseModule
  provider["registry.terraform.io/hashicorp/local"] (close) - *terraform.graphNodeCloseProvider
  ------
2026-08-15T18:29:13.617Z [TRACE] LoadSchemas: retrieving schema for provider type "registry.terraform.io/hashicorp/local"
2026-08-15T18:29:13.617Z [TRACE] terraform.contextPlugins: Schema for provider "registry.terraform.io/hashicorp/local" is in the global cache
2026-08-15T18:29:13.617Z [DEBUG] Starting graph walk: walkApply
2026-08-15T18:29:13.617Z [TRACE] vertex "provider[\"registry.terraform.io/hashicorp/local\"]": starting visit (*terraform.NodeApplyableProvider)
2026-08-15T18:29:13.617Z [TRACE] vertex "provider[\"registry.terraform.io/hashicorp/local\"]": belongs to
2026-08-15T18:29:13.618Z [DEBUG] created provider logger: level=trace
2026-08-15T18:29:13.618Z [INFO]  provider: configuring client automatic mTLS
2026-08-15T18:29:13.622Z [DEBUG] provider: starting plugin: path=.terraform/providers/registry.terraform.io/hashicorp/local/2.9.0/linux_amd64/terraform-provider-local_v2.9.0_x5 args=[".terraform/providers/registry.terraform.io/hashicorp/local/2.9.0/linux_amd64/terraform-provider-local_v2.9.0_x5"]
2026-08-15T18:29:13.622Z [DEBUG] provider: plugin started: path=.terraform/providers/registry.terraform.io/hashicorp/local/2.9.0/linux_amd64/terraform-provider-local_v2.9.0_x5 pid=3313
2026-08-15T18:29:13.622Z [DEBUG] provider: waiting for RPC address: plugin=.terraform/providers/registry.terraform.io/hashicorp/local/2.9.0/linux_amd64/terraform-provider-local_v2.9.0_x5
2026-08-15T18:29:13.626Z [INFO]  provider.terraform-provider-local_v2.9.0_x5: configuring server automatic mTLS: timestamp=2026-08-15T18:29:13.625Z
2026-08-15T18:29:13.637Z [DEBUG] provider: using plugin: version=5
2026-08-15T18:29:13.637Z [DEBUG] provider.terraform-provider-local_v2.9.0_x5: plugin address: address=/tmp/plugin3675411813 network=unix timestamp=2026-08-15T18:29:13.637Z
2026-08-15T18:29:13.646Z [TRACE] BuiltinEvalContext: Initialized "provider[\"registry.terraform.io/hashicorp/local\"]" provider for provider["registry.terraform.io/hashicorp/local"]
2026-08-15T18:29:13.646Z [TRACE] provider.stdio: waiting for stdio data
2026-08-15T18:29:13.646Z [TRACE] terraform.contextPlugins: Schema for provider "registry.terraform.io/hashicorp/local" is in the global cache
2026-08-15T18:29:13.646Z [TRACE] NodeApplyableProvider: configuring provider["registry.terraform.io/hashicorp/local"]
2026-08-15T18:29:13.646Z [TRACE] buildProviderConfig for provider["registry.terraform.io/hashicorp/local"]: no configuration at all
2026-08-15T18:29:13.646Z [TRACE] GRPCProvider: GetProviderSchema
2026-08-15T18:29:13.646Z [TRACE] GRPCProvider: returning cached schema: EXTRA_VALUE_AT_END=registry.terraform.io/hashicorp/local
2026-08-15T18:29:13.646Z [TRACE] terraform.contextPlugins: Schema for provider "registry.terraform.io/hashicorp/local" is in the global cache
2026-08-15T18:29:13.646Z [TRACE] GRPCProvider: ValidateProviderConfig
2026-08-15T18:29:13.646Z [TRACE] GRPCProvider: GetProviderSchema
2026-08-15T18:29:13.646Z [TRACE] GRPCProvider: returning cached schema: EXTRA_VALUE_AT_END=registry.terraform.io/hashicorp/local
2026-08-15T18:29:13.647Z [TRACE] provider.terraform-provider-local_v2.9.0_x5: Received request: @caller=github.com/hashicorp/terraform-plugin-go@v0.31.0/tfprotov5/tf5server/server.go:597 tf_proto_version=5.11 tf_req_id=d26e6ee2-8ffa-3323-d1fa-ce8c527a7248 tf_rpc=PrepareProviderConfig @module=sdk.proto tf_provider_addr=registry.terraform.io/hashicorp/local timestamp=2026-08-15T18:29:13.647Z
2026-08-15T18:29:13.648Z [TRACE] provider.terraform-provider-local_v2.9.0_x5: Skipping protocol data file writing because no data directory is set. Use the TF_LOG_SDK_PROTO_DATA_DIR environment variable to enable this functionality.: tf_req_id=d26e6ee2-8ffa-3323-d1fa-ce8c527a7248 tf_rpc=PrepareProviderConfig @caller=github.com/hashicorp/terraform-plugin-go@v0.31.0/internal/logging/protocol_data.go:41 tf_provider_addr=registry.terraform.io/hashicorp/local @module=sdk.proto tf_proto_version=5.11 timestamp=2026-08-15T18:29:13.647Z
2026-08-15T18:29:13.648Z [TRACE] provider.terraform-provider-local_v2.9.0_x5: Sending request downstream: @module=sdk.proto tf_provider_addr=registry.terraform.io/hashicorp/local tf_req_id=d26e6ee2-8ffa-3323-d1fa-ce8c527a7248 @caller=github.com/hashicorp/terraform-plugin-go@v0.31.0/tfprotov5/internal/tf5serverlogging/downstream_request.go:22 tf_proto_version=5.11 tf_rpc=PrepareProviderConfig timestamp=2026-08-15T18:29:13.647Z
2026-08-15T18:29:13.648Z [TRACE] provider.terraform-provider-local_v2.9.0_x5: Checking ProviderSchema lock: tf_rpc=PrepareProviderConfig @caller=github.com/hashicorp/terraform-plugin-framework@v1.19.0/internal/fwserver/server.go:499 @module=sdk.framework tf_provider_addr=registry.terraform.io/hashicorp/local tf_req_id=d26e6ee2-8ffa-3323-d1fa-ce8c527a7248 timestamp=2026-08-15T18:29:13.647Z
2026-08-15T18:29:13.648Z [TRACE] provider.terraform-provider-local_v2.9.0_x5: Calling provider defined Provider Schema: @caller=github.com/hashicorp/terraform-plugin-framework@v1.19.0/internal/fwserver/server.go:510 @module=sdk.framework tf_provider_addr=registry.terraform.io/hashicorp/local tf_req_id=d26e6ee2-8ffa-3323-d1fa-ce8c527a7248 tf_rpc=PrepareProviderConfig timestamp=2026-08-15T18:29:13.647Z
2026-08-15T18:29:13.648Z [TRACE] provider.terraform-provider-local_v2.9.0_x5: Called provider defined Provider Schema: tf_provider_addr=registry.terraform.io/hashicorp/local tf_req_id=d26e6ee2-8ffa-3323-d1fa-ce8c527a7248 tf_rpc=PrepareProviderConfig @caller=github.com/hashicorp/terraform-plugin-framework@v1.19.0/internal/fwserver/server.go:512 @module=sdk.framework timestamp=2026-08-15T18:29:13.647Z
2026-08-15T18:29:13.648Z [TRACE] provider.terraform-provider-local_v2.9.0_x5: Received downstream response: @module=sdk.proto diagnostic_error_count=0 tf_proto_version=5.11 tf_req_duration_ms=0 tf_rpc=PrepareProviderConfig @caller=github.com/hashicorp/terraform-plugin-go@v0.31.0/tfprotov5/internal/tf5serverlogging/downstream_request.go:61 diagnostic_warning_count=0 tf_provider_addr=registry.terraform.io/hashicorp/local tf_req_id=d26e6ee2-8ffa-3323-d1fa-ce8c527a7248 timestamp=2026-08-15T18:29:13.648Z
2026-08-15T18:29:13.648Z [TRACE] provider.terraform-provider-local_v2.9.0_x5: Served request: @caller=github.com/hashicorp/terraform-plugin-go@v0.31.0/tfprotov5/tf5server/server.go:618 @module=sdk.proto tf_req_id=d26e6ee2-8ffa-3323-d1fa-ce8c527a7248 tf_proto_version=5.11 tf_provider_addr=registry.terraform.io/hashicorp/local tf_rpc=PrepareProviderConfig timestamp=2026-08-15T18:29:13.648Z
2026-08-15T18:29:13.648Z [TRACE] GRPCProvider: ConfigureProvider
2026-08-15T18:29:13.648Z [TRACE] GRPCProvider: GetProviderSchema
2026-08-15T18:29:13.648Z [TRACE] GRPCProvider: returning cached schema: EXTRA_VALUE_AT_END=registry.terraform.io/hashicorp/local
2026-08-15T18:29:13.648Z [TRACE] provider.terraform-provider-local_v2.9.0_x5: Received request: @caller=github.com/hashicorp/terraform-plugin-go@v0.31.0/tfprotov5/tf5server/server.go:626 tf_proto_version=5.11 tf_provider_addr=registry.terraform.io/hashicorp/local tf_req_id=f3a3e34a-6152-43fe-dcb4-577950d74ffe tf_rpc=Configure @module=sdk.proto timestamp=2026-08-15T18:29:13.648Z
2026-08-15T18:29:13.648Z [TRACE] provider.terraform-provider-local_v2.9.0_x5: Announced client capabilities: @caller=github.com/hashicorp/terraform-plugin-go@v0.31.0/tfprotov5/internal/tf5serverlogging/client_capabilities.go:38 @module=sdk.proto tf_proto_version=5.11 tf_provider_addr=registry.terraform.io/hashicorp/local tf_req_id=f3a3e34a-6152-43fe-dcb4-577950d74ffe tf_client_capability_deferral_allowed=true tf_rpc=Configure timestamp=2026-08-15T18:29:13.648Z
2026-08-15T18:29:13.648Z [TRACE] provider.terraform-provider-local_v2.9.0_x5: Sending request downstream: tf_provider_addr=registry.terraform.io/hashicorp/local tf_req_id=f3a3e34a-6152-43fe-dcb4-577950d74ffe tf_rpc=Configure @caller=github.com/hashicorp/terraform-plugin-go@v0.31.0/tfprotov5/internal/tf5serverlogging/downstream_request.go:22 @module=sdk.proto tf_proto_version=5.11 timestamp=2026-08-15T18:29:13.648Z
2026-08-15T18:29:13.648Z [TRACE] provider.terraform-provider-local_v2.9.0_x5: Checking ProviderSchema lock: @caller=github.com/hashicorp/terraform-plugin-framework@v1.19.0/internal/fwserver/server.go:499 @module=sdk.framework tf_provider_addr=registry.terraform.io/hashicorp/local tf_req_id=f3a3e34a-6152-43fe-dcb4-577950d74ffe tf_rpc=Configure timestamp=2026-08-15T18:29:13.648Z
2026-08-15T18:29:13.648Z [TRACE] provider.terraform-provider-local_v2.9.0_x5: Calling provider defined Provider Configure: tf_provider_addr=registry.terraform.io/hashicorp/local tf_req_id=f3a3e34a-6152-43fe-dcb4-577950d74ffe tf_rpc=Configure @caller=github.com/hashicorp/terraform-plugin-framework@v1.19.0/internal/fwserver/server_configureprovider.go:15 @module=sdk.framework timestamp=2026-08-15T18:29:13.648Z
2026-08-15T18:29:13.648Z [TRACE] provider.terraform-provider-local_v2.9.0_x5: Called provider defined Provider Configure: tf_rpc=Configure @caller=github.com/hashicorp/terraform-plugin-framework@v1.19.0/internal/fwserver/server_configureprovider.go:23 @module=sdk.framework tf_provider_addr=registry.terraform.io/hashicorp/local tf_req_id=f3a3e34a-6152-43fe-dcb4-577950d74ffe timestamp=2026-08-15T18:29:13.648Z
2026-08-15T18:29:13.648Z [TRACE] provider.terraform-provider-local_v2.9.0_x5: Received downstream response: tf_req_duration_ms=0 tf_rpc=Configure @caller=github.com/hashicorp/terraform-plugin-go@v0.31.0/tfprotov5/internal/tf5serverlogging/downstream_request.go:61 @module=sdk.proto tf_proto_version=5.11 tf_req_id=f3a3e34a-6152-43fe-dcb4-577950d74ffe diagnostic_error_count=0 diagnostic_warning_count=0 tf_provider_addr=registry.terraform.io/hashicorp/local timestamp=2026-08-15T18:29:13.648Z
2026-08-15T18:29:13.648Z [TRACE] provider.terraform-provider-local_v2.9.0_x5: Served request: tf_provider_addr=registry.terraform.io/hashicorp/local tf_req_id=f3a3e34a-6152-43fe-dcb4-577950d74ffe @caller=github.com/hashicorp/terraform-plugin-go@v0.31.0/tfprotov5/tf5server/server.go:646 tf_proto_version=5.11 tf_rpc=Configure @module=sdk.proto timestamp=2026-08-15T18:29:13.648Z
2026-08-15T18:29:13.649Z [TRACE] vertex "provider[\"registry.terraform.io/hashicorp/local\"]": visit complete
2026-08-15T18:29:13.649Z [TRACE] vertex "local_file.demo (expand)": starting visit (*terraform.nodeExpandApplyableResource)
2026-08-15T18:29:13.649Z [TRACE] vertex "local_file.demo (expand)": does not belong to any module instance
2026-08-15T18:29:13.649Z [TRACE] vertex "local_file.demo (expand)": expanding dynamic subgraph
2026-08-15T18:29:13.649Z [TRACE] vertex "local_file.demo (expand)": produced no dynamic subgraph
2026-08-15T18:29:13.649Z [TRACE] vertex "local_file.demo (expand)": visit complete
2026-08-15T18:29:13.649Z [TRACE] vertex "provider[\"registry.terraform.io/hashicorp/local\"] (close)": starting visit (*terraform.graphNodeCloseProvider)
2026-08-15T18:29:13.649Z [TRACE] vertex "provider[\"registry.terraform.io/hashicorp/local\"] (close)": does not belong to any module instance
2026-08-15T18:29:13.649Z [TRACE] GRPCProvider: Close
2026-08-15T18:29:13.649Z [DEBUG] provider.stdio: received EOF, stopping recv loop: err="rpc error: code = Unavailable desc = error reading from server: EOF"
2026-08-15T18:29:13.650Z [INFO]  provider: plugin process exited: plugin=.terraform/providers/registry.terraform.io/hashicorp/local/2.9.0/linux_amd64/terraform-provider-local_v2.9.0_x5 id=3313
2026-08-15T18:29:13.650Z [DEBUG] provider: plugin exited
2026-08-15T18:29:13.650Z [TRACE] vertex "provider[\"registry.terraform.io/hashicorp/local\"] (close)": visit complete
2026-08-15T18:29:13.650Z [TRACE] vertex "root": starting visit (*terraform.nodeCloseModule)
2026-08-15T18:29:13.650Z [TRACE] vertex "root": does not belong to any module instance
2026-08-15T18:29:13.650Z [TRACE] vertex "root": visit complete
2026-08-15T18:29:13.650Z [TRACE] terraform.contextPlugins: Schema for provider "registry.terraform.io/hashicorp/local" is in the global cache
2026-08-15T18:29:13.651Z [TRACE] statemgr.Filesystem: not making a backup, because the new snapshot is identical to the old
2026-08-15T18:29:13.651Z [TRACE] statemgr.Filesystem: no state changes since last snapshot
2026-08-15T18:29:13.651Z [TRACE] statemgr.Filesystem: writing snapshot at terraform.tfstate
2026-08-15T18:29:13.656Z [TRACE] statemgr.Filesystem: removing lock metadata file .terraform.tfstate.lock.info
2026-08-15T18:29:13.656Z [TRACE] statemgr.Filesystem: unlocking terraform.tfstate using fcntl flock
2026-08-15T18:30:40.993Z [INFO]  Terraform version: 1.15.8
2026-08-15T18:30:40.993Z [DEBUG] using github.com/hashicorp/go-tfe v1.105.0
2026-08-15T18:30:40.993Z [DEBUG] using github.com/hashicorp/hcl/v2 v2.24.0
2026-08-15T18:30:40.993Z [DEBUG] using github.com/hashicorp/terraform-svchost v0.2.1
2026-08-15T18:30:40.993Z [DEBUG] using github.com/zclconf/go-cty v1.18.0
2026-08-15T18:30:40.993Z [INFO]  Go runtime version: go1.25.10
2026-08-15T18:30:40.993Z [INFO]  CLI args: []string{"terraform", "plan"}
2026-08-15T18:30:40.993Z [TRACE] Stdout is a terminal of width 162
2026-08-15T18:30:40.993Z [TRACE] Stderr is a terminal of width 162
2026-08-15T18:30:40.993Z [TRACE] Stdin is a terminal
2026-08-15T18:30:40.993Z [DEBUG] Attempting to open CLI config file: /home/vlaljeet/.terraformrc
2026-08-15T18:30:40.993Z [DEBUG] File doesn't exist, but doesn't need to. Ignoring.
2026-08-15T18:30:40.993Z [DEBUG] ignoring non-existing provider search directory terraform.d/plugins
2026-08-15T18:30:40.993Z [DEBUG] ignoring non-existing provider search directory /home/vlaljeet/.terraform.d/plugins
2026-08-15T18:30:40.993Z [DEBUG] ignoring non-existing provider search directory /home/vlaljeet/.local/share/terraform/plugins
2026-08-15T18:30:40.993Z [DEBUG] ignoring non-existing provider search directory /usr/local/share/terraform/plugins
2026-08-15T18:30:40.993Z [DEBUG] ignoring non-existing provider search directory /usr/share/terraform/plugins
2026-08-15T18:30:40.993Z [DEBUG] ignoring non-existing provider search directory /var/lib/snapd/desktop/terraform/plugins
2026-08-15T18:30:40.994Z [INFO]  CLI command args: []string{"plan"}
2026-08-15T18:30:40.994Z [TRACE] Meta.Backend: no config given or present on disk, so returning nil config
2026-08-15T18:30:40.994Z [TRACE] Meta.Backend: backend has not previously been initialized in this working directory
2026-08-15T18:30:40.994Z [TRACE] Meta.Backend: using default local state only (no backend configuration, and no existing initialized backend)
2026-08-15T18:30:40.994Z [TRACE] Meta.Backend: instantiated backend of type <nil>
2026-08-15T18:30:40.995Z [TRACE] providercache.fillMetaCache: scanning directory .terraform/providers
2026-08-15T18:30:40.995Z [TRACE] getproviders.SearchLocalDirectory: found registry.terraform.io/hashicorp/local v2.9.0 for linux_amd64 at .terraform/providers/registry.terraform.io/hashicorp/local/2.9.0/linux_amd64
2026-08-15T18:30:40.995Z [TRACE] providercache.fillMetaCache: including .terraform/providers/registry.terraform.io/hashicorp/local/2.9.0/linux_amd64 as a candidate package for registry.terraform.io/hashicorp/local 2.9.0
2026-08-15T18:30:41.119Z [DEBUG] checking for provisioner in "."
2026-08-15T18:30:41.120Z [DEBUG] checking for provisioner in "/usr/bin"
2026-08-15T18:30:41.121Z [TRACE] Meta.Backend: backend <nil> does not support operations, so wrapping it in a local backend
2026-08-15T18:30:41.121Z [INFO]  backend/local: starting Plan operation
2026-08-15T18:30:41.121Z [TRACE] backend/local: requesting state manager for workspace "default"
2026-08-15T18:30:41.121Z [TRACE] backend/local: state manager for workspace "default" will:
 - read initial snapshot from terraform.tfstate
 - write new snapshots to terraform.tfstate
 - create any backup at terraform.tfstate.backup
2026-08-15T18:30:41.121Z [TRACE] backend/local: requesting state lock for workspace "default"
2026-08-15T18:30:41.121Z [TRACE] statemgr.Filesystem: preparing to manage state snapshots at terraform.tfstate
2026-08-15T18:30:41.121Z [TRACE] statemgr.Filesystem: existing snapshot has lineage "0070b44a-1d48-b93d-a37e-26527d26ab75" serial 1
2026-08-15T18:30:41.121Z [TRACE] statemgr.Filesystem: locking terraform.tfstate using fcntl flock
2026-08-15T18:30:41.122Z [TRACE] statemgr.Filesystem: writing lock metadata to .terraform.tfstate.lock.info
2026-08-15T18:30:41.122Z [TRACE] backend/local: reading remote state for workspace "default"
2026-08-15T18:30:41.122Z [TRACE] statemgr.Filesystem: reading latest snapshot from terraform.tfstate
2026-08-15T18:30:41.122Z [TRACE] statemgr.Filesystem: read snapshot with lineage "0070b44a-1d48-b93d-a37e-26527d26ab75" serial 1
2026-08-15T18:30:41.122Z [TRACE] backend/local: populating backendrun.LocalRun for current working directory
2026-08-15T18:30:41.122Z [TRACE] terraform.NewContext: starting
2026-08-15T18:30:41.122Z [TRACE] terraform.NewContext: complete
2026-08-15T18:30:41.122Z [TRACE] terraform.NewContext: starting
2026-08-15T18:30:41.122Z [TRACE] terraform.NewContext: complete
2026-08-15T18:30:41.122Z [TRACE] building graph for terraform dependencies
2026-08-15T18:30:41.122Z [TRACE] Executing graph transform *terraform.RootVariableTransformer
2026-08-15T18:30:41.122Z [TRACE] Executing graph transform *terraform.ModuleTransformer
2026-08-15T18:30:41.122Z [TRACE] Executing graph transform *terraform.LocalTransformer
2026-08-15T18:30:41.122Z [TRACE] Executing graph transform *terraform.ReferenceTransformer
2026-08-15T18:30:41.122Z [TRACE] Executing graph transform *terraform.TransformFilter
2026-08-15T18:30:41.122Z [TRACE] Executing graph transform *terraform.variableValidationTransformer
2026-08-15T18:30:41.122Z [TRACE] variableValidationTransformer: adding validation nodes for any existing variable evaluation nodes
2026-08-15T18:30:41.122Z [TRACE] Executing graph transform *terraform.RootTransformer
2026-08-15T18:30:41.122Z [TRACE] Executing graph transform *terraform.TransitiveReductionTransformer
2026-08-15T18:30:41.122Z [TRACE] Completed graph transform:
root - terraform.graphNodeRoot
  ------
2026-08-15T18:30:41.122Z [DEBUG] Starting graph walk: walkInit
2026-08-15T18:30:41.122Z [TRACE] vertex "root": starting visit (terraform.graphNodeRoot)
2026-08-15T18:30:41.122Z [TRACE] vertex "root": does not belong to any module instance
2026-08-15T18:30:41.122Z [TRACE] vertex "root": visit complete
2026-08-15T18:30:41.122Z [TRACE] Config.VerifyDependencySelections: provider registry.terraform.io/hashicorp/local has 2.9.0 to satisfy "~> 2.5"
2026-08-15T18:30:41.123Z [TRACE] backend/local: requesting interactive input, if necessary
2026-08-15T18:30:41.123Z [TRACE] LoadSchemas: retrieving schema for provider type "registry.terraform.io/hashicorp/local"
2026-08-15T18:30:41.123Z [TRACE] terraform.contextPlugins: Initializing provider "registry.terraform.io/hashicorp/local" to read its schema
2026-08-15T18:30:41.123Z [DEBUG] created provider logger: level=trace
2026-08-15T18:30:41.123Z [INFO]  provider: configuring client automatic mTLS
2026-08-15T18:30:41.133Z [DEBUG] provider: starting plugin: path=.terraform/providers/registry.terraform.io/hashicorp/local/2.9.0/linux_amd64/terraform-provider-local_v2.9.0_x5 args=[".terraform/providers/registry.terraform.io/hashicorp/local/2.9.0/linux_amd64/terraform-provider-local_v2.9.0_x5"]
2026-08-15T18:30:41.134Z [DEBUG] provider: plugin started: path=.terraform/providers/registry.terraform.io/hashicorp/local/2.9.0/linux_amd64/terraform-provider-local_v2.9.0_x5 pid=3625
2026-08-15T18:30:41.134Z [DEBUG] provider: waiting for RPC address: plugin=.terraform/providers/registry.terraform.io/hashicorp/local/2.9.0/linux_amd64/terraform-provider-local_v2.9.0_x5
2026-08-15T18:30:41.138Z [INFO]  provider.terraform-provider-local_v2.9.0_x5: configuring server automatic mTLS: timestamp=2026-08-15T18:30:41.138Z
2026-08-15T18:30:41.148Z [DEBUG] provider: using plugin: version=5
2026-08-15T18:30:41.148Z [DEBUG] provider.terraform-provider-local_v2.9.0_x5: plugin address: address=/tmp/plugin1730254243 network=unix timestamp=2026-08-15T18:30:41.148Z
2026-08-15T18:30:41.157Z [TRACE] GRPCProvider: GetProviderSchema
2026-08-15T18:30:41.157Z [TRACE] provider.stdio: waiting for stdio data
2026-08-15T18:30:41.159Z [TRACE] provider.terraform-provider-local_v2.9.0_x5: Received request: tf_proto_version=5.11 tf_provider_addr=registry.terraform.io/hashicorp/local tf_req_id=9bfc6619-b447-5d9a-33b7-978a402f9199 tf_rpc=GetProviderSchema @caller=github.com/hashicorp/terraform-plugin-go@v0.31.0/tfprotov5/tf5server/server.go:544 @module=sdk.proto timestamp=2026-08-15T18:30:41.158Z
2026-08-15T18:30:41.159Z [TRACE] provider.terraform-provider-local_v2.9.0_x5: Sending request downstream: @module=sdk.proto tf_provider_addr=registry.terraform.io/hashicorp/local tf_proto_version=5.11 tf_req_id=9bfc6619-b447-5d9a-33b7-978a402f9199 tf_rpc=GetProviderSchema @caller=github.com/hashicorp/terraform-plugin-go@v0.31.0/tfprotov5/internal/tf5serverlogging/downstream_request.go:22 timestamp=2026-08-15T18:30:41.159Z
2026-08-15T18:30:41.159Z [TRACE] provider.terraform-provider-local_v2.9.0_x5: Checking ProviderSchema lock: tf_provider_addr=registry.terraform.io/hashicorp/local tf_req_id=9bfc6619-b447-5d9a-33b7-978a402f9199 tf_rpc=GetProviderSchema @caller=github.com/hashicorp/terraform-plugin-framework@v1.19.0/internal/fwserver/server.go:499 @module=sdk.framework timestamp=2026-08-15T18:30:41.159Z
2026-08-15T18:30:41.159Z [TRACE] provider.terraform-provider-local_v2.9.0_x5: Calling provider defined Provider Schema: tf_provider_addr=registry.terraform.io/hashicorp/local tf_req_id=9bfc6619-b447-5d9a-33b7-978a402f9199 tf_rpc=GetProviderSchema @caller=github.com/hashicorp/terraform-plugin-framework@v1.19.0/internal/fwserver/server.go:510 @module=sdk.framework timestamp=2026-08-15T18:30:41.159Z
2026-08-15T18:30:41.159Z [TRACE] provider.terraform-provider-local_v2.9.0_x5: Called provider defined Provider Schema: @module=sdk.framework tf_provider_addr=registry.terraform.io/hashicorp/local tf_req_id=9bfc6619-b447-5d9a-33b7-978a402f9199 tf_rpc=GetProviderSchema @caller=github.com/hashicorp/terraform-plugin-framework@v1.19.0/internal/fwserver/server.go:512 timestamp=2026-08-15T18:30:41.159Z
2026-08-15T18:30:41.159Z [TRACE] provider.terraform-provider-local_v2.9.0_x5: Checking ResourceTypes lock: tf_provider_addr=registry.terraform.io/hashicorp/local tf_req_id=9bfc6619-b447-5d9a-33b7-978a402f9199 tf_rpc=GetProviderSchema @caller=github.com/hashicorp/terraform-plugin-framework@v1.19.0/internal/fwserver/server.go:649 @module=sdk.framework timestamp=2026-08-15T18:30:41.159Z
2026-08-15T18:30:41.159Z [TRACE] provider.terraform-provider-local_v2.9.0_x5: Checking ProviderTypeName lock: @module=sdk.framework tf_provider_addr=registry.terraform.io/hashicorp/local tf_req_id=9bfc6619-b447-5d9a-33b7-978a402f9199 tf_rpc=GetProviderSchema @caller=github.com/hashicorp/terraform-plugin-framework@v1.19.0/internal/fwserver/server.go:476 timestamp=2026-08-15T18:30:41.159Z
2026-08-15T18:30:41.159Z [TRACE] provider.terraform-provider-local_v2.9.0_x5: Calling provider defined Provider Metadata: tf_rpc=GetProviderSchema @caller=github.com/hashicorp/terraform-plugin-framework@v1.19.0/internal/fwserver/server.go:487 @module=sdk.framework tf_provider_addr=registry.terraform.io/hashicorp/local tf_req_id=9bfc6619-b447-5d9a-33b7-978a402f9199 timestamp=2026-08-15T18:30:41.159Z
2026-08-15T18:30:41.159Z [TRACE] provider.terraform-provider-local_v2.9.0_x5: Called provider defined Provider Metadata: @module=sdk.framework tf_provider_addr=registry.terraform.io/hashicorp/local tf_req_id=9bfc6619-b447-5d9a-33b7-978a402f9199 tf_rpc=GetProviderSchema @caller=github.com/hashicorp/terraform-plugin-framework@v1.19.0/internal/fwserver/server.go:489 timestamp=2026-08-15T18:30:41.159Z
2026-08-15T18:30:41.160Z [TRACE] provider.terraform-provider-local_v2.9.0_x5: Calling provider defined Provider Resources: @module=sdk.framework tf_provider_addr=registry.terraform.io/hashicorp/local tf_req_id=9bfc6619-b447-5d9a-33b7-978a402f9199 tf_rpc=GetProviderSchema @caller=github.com/hashicorp/terraform-plugin-framework@v1.19.0/internal/fwserver/server.go:660 timestamp=2026-08-15T18:30:41.159Z
2026-08-15T18:30:41.160Z [TRACE] provider.terraform-provider-local_v2.9.0_x5: Called provider defined Provider Resources: tf_req_id=9bfc6619-b447-5d9a-33b7-978a402f9199 tf_rpc=GetProviderSchema @caller=github.com/hashicorp/terraform-plugin-framework@v1.19.0/internal/fwserver/server.go:662 @module=sdk.framework tf_provider_addr=registry.terraform.io/hashicorp/local timestamp=2026-08-15T18:30:41.159Z
2026-08-15T18:30:41.160Z [TRACE] provider.terraform-provider-local_v2.9.0_x5: Found resource type: @module=sdk.framework tf_resource_type=local_file @caller=github.com/hashicorp/terraform-plugin-framework@v1.19.0/internal/fwserver/server.go:683 tf_provider_addr=registry.terraform.io/hashicorp/local tf_req_id=9bfc6619-b447-5d9a-33b7-978a402f9199 tf_rpc=GetProviderSchema timestamp=2026-08-15T18:30:41.159Z
2026-08-15T18:30:41.160Z [TRACE] provider.terraform-provider-local_v2.9.0_x5: Found resource type: tf_provider_addr=registry.terraform.io/hashicorp/local tf_req_id=9bfc6619-b447-5d9a-33b7-978a402f9199 tf_resource_type=local_sensitive_file @caller=github.com/hashicorp/terraform-plugin-framework@v1.19.0/internal/fwserver/server.go:683 @module=sdk.framework tf_rpc=GetProviderSchema timestamp=2026-08-15T18:30:41.159Z
2026-08-15T18:30:41.160Z [TRACE] provider.terraform-provider-local_v2.9.0_x5: Calling provider defined Resource Schema method: @module=sdk.framework tf_req_id=9bfc6619-b447-5d9a-33b7-978a402f9199 tf_resource_type=local_file tf_rpc=GetProviderSchema @caller=github.com/hashicorp/terraform-plugin-framework@v1.19.0/internal/fwserver/server.go:779 tf_provider_addr=registry.terraform.io/hashicorp/local timestamp=2026-08-15T18:30:41.159Z
2026-08-15T18:30:41.160Z [TRACE] provider.terraform-provider-local_v2.9.0_x5: Called provider defined Resource Schema method: @caller=github.com/hashicorp/terraform-plugin-framework@v1.19.0/internal/fwserver/server.go:781 tf_provider_addr=registry.terraform.io/hashicorp/local tf_resource_type=local_file @module=sdk.framework tf_req_id=9bfc6619-b447-5d9a-33b7-978a402f9199 tf_rpc=GetProviderSchema timestamp=2026-08-15T18:30:41.159Z
2026-08-15T18:30:41.160Z [TRACE] provider.terraform-provider-local_v2.9.0_x5: Calling provider defined Resource Schema method: @module=sdk.framework tf_req_id=9bfc6619-b447-5d9a-33b7-978a402f9199 tf_rpc=GetProviderSchema @caller=github.com/hashicorp/terraform-plugin-framework@v1.19.0/internal/fwserver/server.go:779 tf_provider_addr=registry.terraform.io/hashicorp/local tf_resource_type=local_sensitive_file timestamp=2026-08-15T18:30:41.160Z
2026-08-15T18:30:41.160Z [TRACE] provider.terraform-provider-local_v2.9.0_x5: Called provider defined Resource Schema method: tf_req_id=9bfc6619-b447-5d9a-33b7-978a402f9199 tf_rpc=GetProviderSchema @caller=github.com/hashicorp/terraform-plugin-framework@v1.19.0/internal/fwserver/server.go:781 @module=sdk.framework tf_resource_type=local_sensitive_file tf_provider_addr=registry.terraform.io/hashicorp/local timestamp=2026-08-15T18:30:41.160Z
2026-08-15T18:30:41.160Z [TRACE] provider.terraform-provider-local_v2.9.0_x5: Checking DataSourceTypes lock: tf_req_id=9bfc6619-b447-5d9a-33b7-978a402f9199 tf_rpc=GetProviderSchema @caller=github.com/hashicorp/terraform-plugin-framework@v1.19.0/internal/fwserver/server.go:320 @module=sdk.framework tf_provider_addr=registry.terraform.io/hashicorp/local timestamp=2026-08-15T18:30:41.160Z
2026-08-15T18:30:41.160Z [TRACE] provider.terraform-provider-local_v2.9.0_x5: Checking ProviderTypeName lock: @module=sdk.framework tf_provider_addr=registry.terraform.io/hashicorp/local tf_req_id=9bfc6619-b447-5d9a-33b7-978a402f9199 tf_rpc=GetProviderSchema @caller=github.com/hashicorp/terraform-plugin-framework@v1.19.0/internal/fwserver/server.go:476 timestamp=2026-08-15T18:30:41.160Z
2026-08-15T18:30:41.160Z [TRACE] provider.terraform-provider-local_v2.9.0_x5: Calling provider defined Provider DataSources: @module=sdk.framework tf_provider_addr=registry.terraform.io/hashicorp/local tf_req_id=9bfc6619-b447-5d9a-33b7-978a402f9199 tf_rpc=GetProviderSchema @caller=github.com/hashicorp/terraform-plugin-framework@v1.19.0/internal/fwserver/server.go:331 timestamp=2026-08-15T18:30:41.160Z
2026-08-15T18:30:41.160Z [TRACE] provider.terraform-provider-local_v2.9.0_x5: Called provider defined Provider DataSources: @module=sdk.framework tf_provider_addr=registry.terraform.io/hashicorp/local tf_req_id=9bfc6619-b447-5d9a-33b7-978a402f9199 tf_rpc=GetProviderSchema @caller=github.com/hashicorp/terraform-plugin-framework@v1.19.0/internal/fwserver/server.go:333 timestamp=2026-08-15T18:30:41.160Z
2026-08-15T18:30:41.160Z [TRACE] provider.terraform-provider-local_v2.9.0_x5: Found data source type: tf_data_source_type=local_file @caller=github.com/hashicorp/terraform-plugin-framework@v1.19.0/internal/fwserver/server.go:354 @module=sdk.framework tf_provider_addr=registry.terraform.io/hashicorp/local tf_req_id=9bfc6619-b447-5d9a-33b7-978a402f9199 tf_rpc=GetProviderSchema timestamp=2026-08-15T18:30:41.160Z
2026-08-15T18:30:41.160Z [TRACE] provider.terraform-provider-local_v2.9.0_x5: Found data source type: tf_provider_addr=registry.terraform.io/hashicorp/local tf_req_id=9bfc6619-b447-5d9a-33b7-978a402f9199 tf_rpc=GetProviderSchema @caller=github.com/hashicorp/terraform-plugin-framework@v1.19.0/internal/fwserver/server.go:354 @module=sdk.framework tf_data_source_type=local_sensitive_file timestamp=2026-08-15T18:30:41.160Z
2026-08-15T18:30:41.160Z [TRACE] provider.terraform-provider-local_v2.9.0_x5: Found data source type: @caller=github.com/hashicorp/terraform-plugin-framework@v1.19.0/internal/fwserver/server.go:354 tf_data_source_type=local_command tf_rpc=GetProviderSchema @module=sdk.framework tf_provider_addr=registry.terraform.io/hashicorp/local tf_req_id=9bfc6619-b447-5d9a-33b7-978a402f9199 timestamp=2026-08-15T18:30:41.160Z
2026-08-15T18:30:41.160Z [TRACE] provider.terraform-provider-local_v2.9.0_x5: Calling provider defined DataSource Schema: tf_data_source_type=local_file tf_provider_addr=registry.terraform.io/hashicorp/local tf_req_id=9bfc6619-b447-5d9a-33b7-978a402f9199 @caller=github.com/hashicorp/terraform-plugin-framework@v1.19.0/internal/fwserver/server.go:450 @module=sdk.framework tf_rpc=GetProviderSchema timestamp=2026-08-15T18:30:41.160Z
2026-08-15T18:30:41.160Z [TRACE] provider.terraform-provider-local_v2.9.0_x5: Called provider defined DataSource Schema: @module=sdk.framework tf_data_source_type=local_file tf_provider_addr=registry.terraform.io/hashicorp/local @caller=github.com/hashicorp/terraform-plugin-framework@v1.19.0/internal/fwserver/server.go:452 tf_req_id=9bfc6619-b447-5d9a-33b7-978a402f9199 tf_rpc=GetProviderSchema timestamp=2026-08-15T18:30:41.160Z
2026-08-15T18:30:41.160Z [TRACE] provider.terraform-provider-local_v2.9.0_x5: Calling provider defined DataSource Schema: tf_data_source_type=local_sensitive_file tf_rpc=GetProviderSchema @caller=github.com/hashicorp/terraform-plugin-framework@v1.19.0/internal/fwserver/server.go:450 @module=sdk.framework tf_provider_addr=registry.terraform.io/hashicorp/local tf_req_id=9bfc6619-b447-5d9a-33b7-978a402f9199 timestamp=2026-08-15T18:30:41.160Z
2026-08-15T18:30:41.160Z [TRACE] provider.terraform-provider-local_v2.9.0_x5: Called provider defined DataSource Schema: tf_req_id=9bfc6619-b447-5d9a-33b7-978a402f9199 @module=sdk.framework tf_rpc=GetProviderSchema @caller=github.com/hashicorp/terraform-plugin-framework@v1.19.0/internal/fwserver/server.go:452 tf_data_source_type=local_sensitive_file tf_provider_addr=registry.terraform.io/hashicorp/local timestamp=2026-08-15T18:30:41.160Z
2026-08-15T18:30:41.160Z [TRACE] provider.terraform-provider-local_v2.9.0_x5: Calling provider defined DataSource Schema: @module=sdk.framework tf_req_id=9bfc6619-b447-5d9a-33b7-978a402f9199 tf_rpc=GetProviderSchema @caller=github.com/hashicorp/terraform-plugin-framework@v1.19.0/internal/fwserver/server.go:450 tf_data_source_type=local_command tf_provider_addr=registry.terraform.io/hashicorp/local timestamp=2026-08-15T18:30:41.160Z
2026-08-15T18:30:41.160Z [TRACE] provider.terraform-provider-local_v2.9.0_x5: Called provider defined DataSource Schema: @caller=github.com/hashicorp/terraform-plugin-framework@v1.19.0/internal/fwserver/server.go:452 @module=sdk.framework tf_req_id=9bfc6619-b447-5d9a-33b7-978a402f9199 tf_rpc=GetProviderSchema tf_data_source_type=local_command tf_provider_addr=registry.terraform.io/hashicorp/local timestamp=2026-08-15T18:30:41.160Z
2026-08-15T18:30:41.160Z [TRACE] provider.terraform-provider-local_v2.9.0_x5: Checking FunctionTypes lock: tf_provider_addr=registry.terraform.io/hashicorp/local tf_req_id=9bfc6619-b447-5d9a-33b7-978a402f9199 tf_rpc=GetProviderSchema @caller=github.com/hashicorp/terraform-plugin-framework@v1.19.0/internal/fwserver/server_functions.go:124 @module=sdk.framework timestamp=2026-08-15T18:30:41.160Z
2026-08-15T18:30:41.160Z [TRACE] provider.terraform-provider-local_v2.9.0_x5: Calling provider defined Provider Functions: @module=sdk.framework tf_provider_addr=registry.terraform.io/hashicorp/local tf_req_id=9bfc6619-b447-5d9a-33b7-978a402f9199 tf_rpc=GetProviderSchema @caller=github.com/hashicorp/terraform-plugin-framework@v1.19.0/internal/fwserver/server_functions.go:142 timestamp=2026-08-15T18:30:41.160Z
2026-08-15T18:30:41.160Z [TRACE] provider.terraform-provider-local_v2.9.0_x5: Called provider defined Provider Functions: @caller=github.com/hashicorp/terraform-plugin-framework@v1.19.0/internal/fwserver/server_functions.go:144 @module=sdk.framework tf_provider_addr=registry.terraform.io/hashicorp/local tf_req_id=9bfc6619-b447-5d9a-33b7-978a402f9199 tf_rpc=GetProviderSchema timestamp=2026-08-15T18:30:41.160Z
2026-08-15T18:30:41.160Z [TRACE] provider.terraform-provider-local_v2.9.0_x5: Found function: tf_provider_addr=registry.terraform.io/hashicorp/local tf_req_id=9bfc6619-b447-5d9a-33b7-978a402f9199 tf_rpc=GetProviderSchema @module=sdk.framework tf_function_name=direxists @caller=github.com/hashicorp/terraform-plugin-framework@v1.19.0/internal/fwserver/server_functions.go:163 timestamp=2026-08-15T18:30:41.160Z
2026-08-15T18:30:41.160Z [TRACE] provider.terraform-provider-local_v2.9.0_x5: Calling provider defined Function Definition: tf_provider_addr=registry.terraform.io/hashicorp/local tf_req_id=9bfc6619-b447-5d9a-33b7-978a402f9199 @module=sdk.framework tf_function_name=direxists tf_rpc=GetProviderSchema @caller=github.com/hashicorp/terraform-plugin-framework@v1.19.0/internal/fwserver/server_functions.go:91 timestamp=2026-08-15T18:30:41.160Z
2026-08-15T18:30:41.160Z [TRACE] provider.terraform-provider-local_v2.9.0_x5: Called provider defined Function Definition: tf_rpc=GetProviderSchema @module=sdk.framework tf_function_name=direxists tf_provider_addr=registry.terraform.io/hashicorp/local tf_req_id=9bfc6619-b447-5d9a-33b7-978a402f9199 @caller=github.com/hashicorp/terraform-plugin-framework@v1.19.0/internal/fwserver/server_functions.go:93 timestamp=2026-08-15T18:30:41.160Z
2026-08-15T18:30:41.160Z [TRACE] provider.terraform-provider-local_v2.9.0_x5: Checking EphemeralResourceFuncs lock: @module=sdk.framework tf_provider_addr=registry.terraform.io/hashicorp/local tf_req_id=9bfc6619-b447-5d9a-33b7-978a402f9199 tf_rpc=GetProviderSchema @caller=github.com/hashicorp/terraform-plugin-framework@v1.19.0/internal/fwserver/server_ephemeralresources.go:38 timestamp=2026-08-15T18:30:41.160Z
2026-08-15T18:30:41.160Z [TRACE] provider.terraform-provider-local_v2.9.0_x5: Checking ProviderTypeName lock: @caller=github.com/hashicorp/terraform-plugin-framework@v1.19.0/internal/fwserver/server.go:476 @module=sdk.framework tf_provider_addr=registry.terraform.io/hashicorp/local tf_req_id=9bfc6619-b447-5d9a-33b7-978a402f9199 tf_rpc=GetProviderSchema timestamp=2026-08-15T18:30:41.160Z
2026-08-15T18:30:41.160Z [TRACE] provider.terraform-provider-local_v2.9.0_x5: Calling provider defined Provider EphemeralResources: tf_provider_addr=registry.terraform.io/hashicorp/local tf_req_id=9bfc6619-b447-5d9a-33b7-978a402f9199 tf_rpc=GetProviderSchema @caller=github.com/hashicorp/terraform-plugin-framework@v1.19.0/internal/fwserver/server_ephemeralresources.go:57 @module=sdk.framework timestamp=2026-08-15T18:30:41.160Z
2026-08-15T18:30:41.160Z [TRACE] provider.terraform-provider-local_v2.9.0_x5: Called provider defined Provider EphemeralResources: tf_provider_addr=registry.terraform.io/hashicorp/local tf_req_id=9bfc6619-b447-5d9a-33b7-978a402f9199 tf_rpc=GetProviderSchema @caller=github.com/hashicorp/terraform-plugin-framework@v1.19.0/internal/fwserver/server_ephemeralresources.go:59 @module=sdk.framework timestamp=2026-08-15T18:30:41.160Z
2026-08-15T18:30:41.160Z [TRACE] provider.terraform-provider-local_v2.9.0_x5: Found ephemeral resource type: @module=sdk.framework tf_ephemeral_resource_type=local_command tf_provider_addr=registry.terraform.io/hashicorp/local @caller=github.com/hashicorp/terraform-plugin-framework@v1.19.0/internal/fwserver/server_ephemeralresources.go:80 tf_req_id=9bfc6619-b447-5d9a-33b7-978a402f9199 tf_rpc=GetProviderSchema timestamp=2026-08-15T18:30:41.160Z
2026-08-15T18:30:41.160Z [TRACE] provider.terraform-provider-local_v2.9.0_x5: Calling provider defined EphemeralResource Schema: tf_rpc=GetProviderSchema @caller=github.com/hashicorp/terraform-plugin-framework@v1.19.0/internal/fwserver/server_ephemeralresources.go:176 tf_ephemeral_resource_type=local_command tf_provider_addr=registry.terraform.io/hashicorp/local tf_req_id=9bfc6619-b447-5d9a-33b7-978a402f9199 @module=sdk.framework timestamp=2026-08-15T18:30:41.160Z
2026-08-15T18:30:41.160Z [TRACE] provider.terraform-provider-local_v2.9.0_x5: Called provider defined EphemeralResource Schema: tf_rpc=GetProviderSchema @caller=github.com/hashicorp/terraform-plugin-framework@v1.19.0/internal/fwserver/server_ephemeralresources.go:178 tf_provider_addr=registry.terraform.io/hashicorp/local @module=sdk.framework tf_ephemeral_resource_type=local_command tf_req_id=9bfc6619-b447-5d9a-33b7-978a402f9199 timestamp=2026-08-15T18:30:41.160Z
2026-08-15T18:30:41.160Z [TRACE] provider.terraform-provider-local_v2.9.0_x5: Checking ActionFuncs lock: @caller=github.com/hashicorp/terraform-plugin-framework@v1.19.0/internal/fwserver/server_actions.go:38 @module=sdk.framework tf_provider_addr=registry.terraform.io/hashicorp/local tf_req_id=9bfc6619-b447-5d9a-33b7-978a402f9199 tf_rpc=GetProviderSchema timestamp=2026-08-15T18:30:41.160Z
2026-08-15T18:30:41.160Z [TRACE] provider.terraform-provider-local_v2.9.0_x5: Checking ProviderTypeName lock: tf_rpc=GetProviderSchema @caller=github.com/hashicorp/terraform-plugin-framework@v1.19.0/internal/fwserver/server.go:476 @module=sdk.framework tf_provider_addr=registry.terraform.io/hashicorp/local tf_req_id=9bfc6619-b447-5d9a-33b7-978a402f9199 timestamp=2026-08-15T18:30:41.160Z
2026-08-15T18:30:41.160Z [TRACE] provider.terraform-provider-local_v2.9.0_x5: Calling provider defined Actions: @module=sdk.framework tf_provider_addr=registry.terraform.io/hashicorp/local tf_req_id=9bfc6619-b447-5d9a-33b7-978a402f9199 tf_rpc=GetProviderSchema @caller=github.com/hashicorp/terraform-plugin-framework@v1.19.0/internal/fwserver/server_actions.go:56 timestamp=2026-08-15T18:30:41.160Z
2026-08-15T18:30:41.160Z [TRACE] provider.terraform-provider-local_v2.9.0_x5: Called provider defined Actions: @module=sdk.framework tf_provider_addr=registry.terraform.io/hashicorp/local tf_req_id=9bfc6619-b447-5d9a-33b7-978a402f9199 tf_rpc=GetProviderSchema @caller=github.com/hashicorp/terraform-plugin-framework@v1.19.0/internal/fwserver/server_actions.go:58 timestamp=2026-08-15T18:30:41.160Z
2026-08-15T18:30:41.160Z [TRACE] provider.terraform-provider-local_v2.9.0_x5: Found action: @caller=github.com/hashicorp/terraform-plugin-framework@v1.19.0/internal/fwserver/server_actions.go:79 @module=sdk.framework tf_req_id=9bfc6619-b447-5d9a-33b7-978a402f9199 tf_rpc=GetProviderSchema tf_action_type=local_command tf_provider_addr=registry.terraform.io/hashicorp/local timestamp=2026-08-15T18:30:41.160Z
2026-08-15T18:30:41.160Z [TRACE] provider.terraform-provider-local_v2.9.0_x5: Calling provider defined Action Schema: tf_provider_addr=registry.terraform.io/hashicorp/local tf_req_id=9bfc6619-b447-5d9a-33b7-978a402f9199 tf_rpc=GetProviderSchema @module=sdk.framework @caller=github.com/hashicorp/terraform-plugin-framework@v1.19.0/internal/fwserver/server_actions.go:175 tf_action_type=local_command timestamp=2026-08-15T18:30:41.160Z
2026-08-15T18:30:41.160Z [TRACE] provider.terraform-provider-local_v2.9.0_x5: Called provider defined Action Schema: tf_provider_addr=registry.terraform.io/hashicorp/local tf_req_id=9bfc6619-b447-5d9a-33b7-978a402f9199 @caller=github.com/hashicorp/terraform-plugin-framework@v1.19.0/internal/fwserver/server_actions.go:177 @module=sdk.framework tf_rpc=GetProviderSchema tf_action_type=local_command timestamp=2026-08-15T18:30:41.160Z
2026-08-15T18:30:41.160Z [TRACE] provider.terraform-provider-local_v2.9.0_x5: Checking StateStoreFuncs lock: @caller=github.com/hashicorp/terraform-plugin-framework@v1.19.0/internal/fwserver/server_statestore.go:38 @module=sdk.framework tf_provider_addr=registry.terraform.io/hashicorp/local tf_req_id=9bfc6619-b447-5d9a-33b7-978a402f9199 tf_rpc=GetProviderSchema timestamp=2026-08-15T18:30:41.160Z
2026-08-15T18:30:41.160Z [TRACE] provider.terraform-provider-local_v2.9.0_x5: Checking ProviderTypeName lock: @module=sdk.framework tf_provider_addr=registry.terraform.io/hashicorp/local tf_req_id=9bfc6619-b447-5d9a-33b7-978a402f9199 tf_rpc=GetProviderSchema @caller=github.com/hashicorp/terraform-plugin-framework@v1.19.0/internal/fwserver/server.go:476 timestamp=2026-08-15T18:30:41.160Z
2026-08-15T18:30:41.160Z [TRACE] provider.terraform-provider-local_v2.9.0_x5: Received downstream response: @module=sdk.proto diagnostic_warning_count=0 tf_proto_version=5.11 tf_provider_addr=registry.terraform.io/hashicorp/local tf_req_id=9bfc6619-b447-5d9a-33b7-978a402f9199 @caller=github.com/hashicorp/terraform-plugin-go@v0.31.0/tfprotov5/internal/tf5serverlogging/downstream_request.go:61 diagnostic_error_count=0 tf_req_duration_ms=1 tf_rpc=GetProviderSchema timestamp=2026-08-15T18:30:41.160Z
2026-08-15T18:30:41.160Z [TRACE] provider.terraform-provider-local_v2.9.0_x5: Announced server capabilities: tf_server_capability_plan_destroy=true @caller=github.com/hashicorp/terraform-plugin-go@v0.31.0/tfprotov5/internal/tf5serverlogging/server_capabilities.go:29 @module=sdk.proto tf_proto_version=5.11 tf_provider_addr=registry.terraform.io/hashicorp/local tf_rpc=GetProviderSchema tf_req_id=9bfc6619-b447-5d9a-33b7-978a402f9199 tf_server_capability_generate_resource_config=false tf_server_capability_get_provider_schema_optional=true tf_server_capability_move_resource_state=true timestamp=2026-08-15T18:30:41.160Z
2026-08-15T18:30:41.160Z [TRACE] provider.terraform-provider-local_v2.9.0_x5: Served request: @module=sdk.proto tf_proto_version=5.11 tf_provider_addr=registry.terraform.io/hashicorp/local @caller=github.com/hashicorp/terraform-plugin-go@v0.31.0/tfprotov5/tf5server/server.go:563 tf_req_id=9bfc6619-b447-5d9a-33b7-978a402f9199 tf_rpc=GetProviderSchema timestamp=2026-08-15T18:30:41.160Z
2026-08-15T18:30:41.162Z [TRACE] provider.terraform-provider-local_v2.9.0_x5: Received request: tf_proto_version=5.11 tf_rpc=GetResourceIdentitySchemas @module=sdk.proto tf_provider_addr=registry.terraform.io/hashicorp/local tf_req_id=6d9d3a8b-5206-5d15-5bae-6990fe6de41f @caller=github.com/hashicorp/terraform-plugin-go@v0.31.0/tfprotov5/tf5server/server.go:571 timestamp=2026-08-15T18:30:41.162Z
2026-08-15T18:30:41.162Z [TRACE] provider.terraform-provider-local_v2.9.0_x5: Sending request downstream: tf_rpc=GetResourceIdentitySchemas @caller=github.com/hashicorp/terraform-plugin-go@v0.31.0/tfprotov5/internal/tf5serverlogging/downstream_request.go:22 @module=sdk.proto tf_proto_version=5.11 tf_provider_addr=registry.terraform.io/hashicorp/local tf_req_id=6d9d3a8b-5206-5d15-5bae-6990fe6de41f timestamp=2026-08-15T18:30:41.162Z
2026-08-15T18:30:41.162Z [TRACE] provider.terraform-provider-local_v2.9.0_x5: Checking ResourceTypes lock: tf_req_id=6d9d3a8b-5206-5d15-5bae-6990fe6de41f tf_rpc=GetResourceIdentitySchemas @caller=github.com/hashicorp/terraform-plugin-framework@v1.19.0/internal/fwserver/server.go:649 @module=sdk.framework tf_provider_addr=registry.terraform.io/hashicorp/local timestamp=2026-08-15T18:30:41.162Z
2026-08-15T18:30:41.162Z [TRACE] provider.terraform-provider-local_v2.9.0_x5: Received downstream response: tf_rpc=GetResourceIdentitySchemas @caller=github.com/hashicorp/terraform-plugin-go@v0.31.0/tfprotov5/internal/tf5serverlogging/downstream_request.go:61 @module=sdk.proto diagnostic_error_count=0 tf_provider_addr=registry.terraform.io/hashicorp/local diagnostic_warning_count=0 tf_proto_version=5.11 tf_req_duration_ms=0 tf_req_id=6d9d3a8b-5206-5d15-5bae-6990fe6de41f timestamp=2026-08-15T18:30:41.162Z
2026-08-15T18:30:41.162Z [TRACE] provider.terraform-provider-local_v2.9.0_x5: Served request: @module=sdk.proto tf_provider_addr=registry.terraform.io/hashicorp/local tf_req_id=6d9d3a8b-5206-5d15-5bae-6990fe6de41f @caller=github.com/hashicorp/terraform-plugin-go@v0.31.0/tfprotov5/tf5server/server.go:589 tf_proto_version=5.11 tf_rpc=GetResourceIdentitySchemas timestamp=2026-08-15T18:30:41.162Z
2026-08-15T18:30:41.162Z [DEBUG] No provider meta schema returned
2026-08-15T18:30:41.164Z [TRACE] GRPCProvider: Close
2026-08-15T18:30:41.164Z [DEBUG] provider.stdio: received EOF, stopping recv loop: err="rpc error: code = Unavailable desc = error reading from server: EOF"
2026-08-15T18:30:41.165Z [INFO]  provider: plugin process exited: plugin=.terraform/providers/registry.terraform.io/hashicorp/local/2.9.0/linux_amd64/terraform-provider-local_v2.9.0_x5 id=3625
2026-08-15T18:30:41.165Z [DEBUG] provider: plugin exited
2026-08-15T18:30:41.165Z [TRACE] Context.Input: Prompting for provider arguments
2026-08-15T18:30:41.166Z [TRACE] Context.Input: Provider provider.local implied by resource block at terraform.tf:10,1-29
2026-08-15T18:30:41.166Z [TRACE] Context.Input: Input for provider.local: map[string]cty.Value{}
2026-08-15T18:30:41.166Z [TRACE] backend/local: running validation operation
2026-08-15T18:30:41.166Z [TRACE] LoadSchemas: retrieving schema for provider type "registry.terraform.io/hashicorp/local"
2026-08-15T18:30:41.166Z [TRACE] terraform.contextPlugins: Schema for provider "registry.terraform.io/hashicorp/local" is in the global cache
2026-08-15T18:30:41.166Z [DEBUG] Building and walking validate graph
2026-08-15T18:30:41.166Z [TRACE] building graph for walkValidate
2026-08-15T18:30:41.166Z [TRACE] Executing graph transform *terraform.ConfigTransformer
2026-08-15T18:30:41.166Z [TRACE] ConfigTransformer: Starting for path:
2026-08-15T18:30:41.166Z [TRACE] Executing graph transform *terraform.ActionTriggerConfigTransformer
2026-08-15T18:30:41.166Z [TRACE] Executing graph transform *terraform.ActionInvokePlanTransformer
2026-08-15T18:30:41.166Z [TRACE] Executing graph transform *terraform.RootVariableTransformer
2026-08-15T18:30:41.166Z [TRACE] Executing graph transform *terraform.ModuleVariableTransformer
2026-08-15T18:30:41.166Z [TRACE] Executing graph transform *terraform.variableValidationTransformer
2026-08-15T18:30:41.166Z [TRACE] variableValidationTransformer: adding validation nodes for any existing variable evaluation nodes
2026-08-15T18:30:41.166Z [TRACE] Executing graph transform *terraform.LocalTransformer
2026-08-15T18:30:41.166Z [TRACE] Executing graph transform *terraform.OutputTransformer
2026-08-15T18:30:41.166Z [TRACE] Executing graph transform *terraform.checkTransformer
2026-08-15T18:30:41.166Z [TRACE] Executing graph transform *terraform.OrphanResourceInstanceTransformer
2026-08-15T18:30:41.166Z [TRACE] Executing graph transform *terraform.StateTransformer
2026-08-15T18:30:41.166Z [TRACE] StateTransformer: pointless no-op call, creating no nodes at all
2026-08-15T18:30:41.166Z [TRACE] Executing graph transform *terraform.AttachStateTransformer
2026-08-15T18:30:41.166Z [TRACE] Executing graph transform *terraform.OrphanOutputTransformer
2026-08-15T18:30:41.166Z [TRACE] Executing graph transform *terraform.AttachResourceConfigTransformer
2026-08-15T18:30:41.166Z [TRACE] AttachResourceConfigTransformer: attaching to "local_file.demo" (*terraform.NodeValidatableResource) config from hcl.Range{Filename:"terraform.tf", Start:hcl.Pos{Line:10, Column:1, Byte:121}, End:hcl.Pos{Line:10, Column:29, Byte:149}}
2026-08-15T18:30:41.166Z [TRACE] AttachResourceConfigTransformer: attaching provider meta configs to local_file.demo
2026-08-15T18:30:41.166Z [TRACE] Executing graph transform *terraform.graphTransformerMulti
2026-08-15T18:30:41.166Z [TRACE] (graphTransformerMulti) Executing graph transform *terraform.externalProviderTransformer
2026-08-15T18:30:41.166Z [TRACE] (graphTransformerMulti) Completed graph transform *terraform.externalProviderTransformer with new graph:
  local_file.demo - *terraform.NodeValidatableResource
  ------
2026-08-15T18:30:41.166Z [TRACE] (graphTransformerMulti) Executing graph transform *terraform.ProviderConfigTransformer
2026-08-15T18:30:41.166Z [TRACE] (graphTransformerMulti) Completed graph transform *terraform.ProviderConfigTransformer with new graph:
  local_file.demo - *terraform.NodeValidatableResource
  provider["registry.terraform.io/hashicorp/local"] - *terraform.NodeApplyableProvider
  ------
2026-08-15T18:30:41.166Z [TRACE] (graphTransformerMulti) Executing graph transform *terraform.MissingProviderTransformer
2026-08-15T18:30:41.166Z [TRACE] (graphTransformerMulti) Completed graph transform *terraform.MissingProviderTransformer (no changes)
2026-08-15T18:30:41.166Z [TRACE] (graphTransformerMulti) Executing graph transform *terraform.ProviderTransformer
2026-08-15T18:30:41.166Z [TRACE] ProviderTransformer: exact match for provider["registry.terraform.io/hashicorp/local"] serving local_file.demo
2026-08-15T18:30:41.166Z [DEBUG] ProviderTransformer: "local_file.demo" (*terraform.NodeValidatableResource) needs provider["registry.terraform.io/hashicorp/local"]
2026-08-15T18:30:41.166Z [TRACE] (graphTransformerMulti) Completed graph transform *terraform.ProviderTransformer with new graph:
  local_file.demo - *terraform.NodeValidatableResource
    provider["registry.terraform.io/hashicorp/local"] - *terraform.NodeApplyableProvider
  provider["registry.terraform.io/hashicorp/local"] - *terraform.NodeApplyableProvider
  ------
2026-08-15T18:30:41.166Z [TRACE] (graphTransformerMulti) Executing graph transform *terraform.PruneProviderTransformer
2026-08-15T18:30:41.166Z [TRACE] (graphTransformerMulti) Completed graph transform *terraform.PruneProviderTransformer (no changes)
2026-08-15T18:30:41.166Z [TRACE] Executing graph transform *terraform.RemovedModuleTransformer
2026-08-15T18:30:41.166Z [TRACE] Executing graph transform *terraform.AttachSchemaTransformer
2026-08-15T18:30:41.166Z [TRACE] terraform.contextPlugins: Schema for provider "registry.terraform.io/hashicorp/local" is in the global cache
2026-08-15T18:30:41.166Z [TRACE] AttachSchemaTransformer: attaching resource schema to local_file.demo
2026-08-15T18:30:41.166Z [TRACE] terraform.contextPlugins: Schema for provider "registry.terraform.io/hashicorp/local" is in the global cache
2026-08-15T18:30:41.166Z [TRACE] AttachSchemaTransformer: attaching provider config schema to provider["registry.terraform.io/hashicorp/local"]
2026-08-15T18:30:41.166Z [TRACE] Executing graph transform *terraform.ModuleExpansionTransformer
2026-08-15T18:30:41.166Z [TRACE] Executing graph transform *terraform.ExternalReferenceTransformer
2026-08-15T18:30:41.166Z [TRACE] Executing graph transform *terraform.ReferenceTransformer
2026-08-15T18:30:41.166Z [DEBUG] ReferenceTransformer: "local_file.demo" references: []
2026-08-15T18:30:41.166Z [DEBUG] ReferenceTransformer: "provider[\"registry.terraform.io/hashicorp/local\"]" references: []
2026-08-15T18:30:41.166Z [TRACE] Executing graph transform *terraform.AttachDependenciesTransformer
2026-08-15T18:30:41.166Z [TRACE] Executing graph transform *terraform.attachDataResourceDependsOnTransformer
2026-08-15T18:30:41.166Z [TRACE] Executing graph transform *terraform.DestroyEdgeTransformer
2026-08-15T18:30:41.166Z [TRACE] Executing graph transform *terraform.pruneUnusedNodesTransformer
2026-08-15T18:30:41.166Z [TRACE] Executing graph transform *terraform.TargetsTransformer
2026-08-15T18:30:41.166Z [TRACE] Executing graph transform *terraform.QueryTransformer
2026-08-15T18:30:41.166Z [TRACE] Executing graph transform *terraform.ForcedCBDTransformer
2026-08-15T18:30:41.166Z [TRACE] ForcedCBDTransformer: "local_file.demo" (*terraform.NodeValidatableResource) has no CBD descendant, so skipping
2026-08-15T18:30:41.166Z [TRACE] Executing graph transform *terraform.ephemeralResourceCloseTransformer
2026-08-15T18:30:41.166Z [TRACE] Executing graph transform *terraform.CloseProviderTransformer
2026-08-15T18:30:41.166Z [TRACE] Executing graph transform *terraform.CloseRootModuleTransformer
2026-08-15T18:30:41.166Z [TRACE] Executing graph transform *terraform.TransitiveReductionTransformer
2026-08-15T18:30:41.166Z [TRACE] Completed graph transform:
local_file.demo - *terraform.NodeValidatableResource
  provider["registry.terraform.io/hashicorp/local"] - *terraform.NodeApplyableProvider
provider["registry.terraform.io/hashicorp/local"] - *terraform.NodeApplyableProvider
provider["registry.terraform.io/hashicorp/local"] (close) - *terraform.graphNodeCloseProvider
  local_file.demo - *terraform.NodeValidatableResource
root - *terraform.nodeCloseModule
  provider["registry.terraform.io/hashicorp/local"] (close) - *terraform.graphNodeCloseProvider
  ------
2026-08-15T18:30:41.166Z [DEBUG] Starting graph walk: walkValidate
2026-08-15T18:30:41.166Z [TRACE] vertex "provider[\"registry.terraform.io/hashicorp/local\"]": starting visit (*terraform.NodeApplyableProvider)
2026-08-15T18:30:41.166Z [TRACE] vertex "provider[\"registry.terraform.io/hashicorp/local\"]": belongs to
2026-08-15T18:30:41.166Z [DEBUG] created provider logger: level=trace
2026-08-15T18:30:41.166Z [INFO]  provider: configuring client automatic mTLS
2026-08-15T18:30:41.170Z [DEBUG] provider: starting plugin: path=.terraform/providers/registry.terraform.io/hashicorp/local/2.9.0/linux_amd64/terraform-provider-local_v2.9.0_x5 args=[".terraform/providers/registry.terraform.io/hashicorp/local/2.9.0/linux_amd64/terraform-provider-local_v2.9.0_x5"]
2026-08-15T18:30:41.171Z [DEBUG] provider: plugin started: path=.terraform/providers/registry.terraform.io/hashicorp/local/2.9.0/linux_amd64/terraform-provider-local_v2.9.0_x5 pid=3634
2026-08-15T18:30:41.171Z [DEBUG] provider: waiting for RPC address: plugin=.terraform/providers/registry.terraform.io/hashicorp/local/2.9.0/linux_amd64/terraform-provider-local_v2.9.0_x5
2026-08-15T18:30:41.175Z [INFO]  provider.terraform-provider-local_v2.9.0_x5: configuring server automatic mTLS: timestamp=2026-08-15T18:30:41.175Z
2026-08-15T18:30:41.186Z [DEBUG] provider: using plugin: version=5
2026-08-15T18:30:41.187Z [DEBUG] provider.terraform-provider-local_v2.9.0_x5: plugin address: address=/tmp/plugin3190517757 network=unix timestamp=2026-08-15T18:30:41.186Z
2026-08-15T18:30:41.202Z [TRACE] BuiltinEvalContext: Initialized "provider[\"registry.terraform.io/hashicorp/local\"]" provider for provider["registry.terraform.io/hashicorp/local"]
2026-08-15T18:30:41.202Z [TRACE] terraform.contextPlugins: Schema for provider "registry.terraform.io/hashicorp/local" is in the global cache
2026-08-15T18:30:41.202Z [TRACE] NodeApplyableProvider: validating configuration for provider["registry.terraform.io/hashicorp/local"]
2026-08-15T18:30:41.202Z [TRACE] buildProviderConfig for provider["registry.terraform.io/hashicorp/local"]: no configuration at all
2026-08-15T18:30:41.202Z [TRACE] provider.stdio: waiting for stdio data
2026-08-15T18:30:41.202Z [TRACE] vertex "provider[\"registry.terraform.io/hashicorp/local\"]": visit complete
2026-08-15T18:30:41.202Z [TRACE] vertex "local_file.demo": starting visit (*terraform.NodeValidatableResource)
2026-08-15T18:30:41.202Z [TRACE] vertex "local_file.demo": belongs to
2026-08-15T18:30:41.202Z [TRACE] terraform.contextPlugins: Schema for provider "registry.terraform.io/hashicorp/local" is in the global cache
2026-08-15T18:30:41.202Z [TRACE] terraform.contextPlugins: Schema for provider "registry.terraform.io/hashicorp/local" is in the global cache
2026-08-15T18:30:41.203Z [TRACE] Validating config for "local_file.demo"
2026-08-15T18:30:41.203Z [TRACE] GRPCProvider: ValidateResourceConfig
2026-08-15T18:30:41.203Z [TRACE] GRPCProvider: GetProviderSchema
2026-08-15T18:30:41.203Z [TRACE] GRPCProvider: returning cached schema: EXTRA_VALUE_AT_END=registry.terraform.io/hashicorp/local
2026-08-15T18:30:41.204Z [TRACE] provider.terraform-provider-local_v2.9.0_x5: Received request: @module=sdk.proto tf_proto_version=5.11 tf_provider_addr=registry.terraform.io/hashicorp/local tf_req_id=62004e7f-95d2-e92a-d6a8-29352b6eac96 tf_resource_type=local_file @caller=github.com/hashicorp/terraform-plugin-go@v0.31.0/tfprotov5/tf5server/server.go:762 tf_rpc=ValidateResourceTypeConfig timestamp=2026-08-15T18:30:41.203Z
2026-08-15T18:30:41.204Z [TRACE] provider.terraform-provider-local_v2.9.0_x5: Announced client capabilities: @caller=github.com/hashicorp/terraform-plugin-go@v0.31.0/tfprotov5/internal/tf5serverlogging/client_capabilities.go:24 tf_client_capability_write_only_attributes_allowed=true tf_req_id=62004e7f-95d2-e92a-d6a8-29352b6eac96 @module=sdk.proto tf_proto_version=5.11 tf_provider_addr=registry.terraform.io/hashicorp/local tf_resource_type=local_file tf_rpc=ValidateResourceTypeConfig timestamp=2026-08-15T18:30:41.203Z
2026-08-15T18:30:41.204Z [TRACE] provider.terraform-provider-local_v2.9.0_x5: Skipping protocol data file writing because no data directory is set. Use the TF_LOG_SDK_PROTO_DATA_DIR environment variable to enable this functionality.: @caller=github.com/hashicorp/terraform-plugin-go@v0.31.0/internal/logging/protocol_data.go:41 @module=sdk.proto tf_proto_version=5.11 tf_req_id=62004e7f-95d2-e92a-d6a8-29352b6eac96 tf_rpc=ValidateResourceTypeConfig tf_provider_addr=registry.terraform.io/hashicorp/local tf_resource_type=local_file timestamp=2026-08-15T18:30:41.203Z
2026-08-15T18:30:41.204Z [TRACE] provider.terraform-provider-local_v2.9.0_x5: Sending request downstream: tf_req_id=62004e7f-95d2-e92a-d6a8-29352b6eac96 @caller=github.com/hashicorp/terraform-plugin-go@v0.31.0/tfprotov5/internal/tf5serverlogging/downstream_request.go:22 tf_provider_addr=registry.terraform.io/hashicorp/local tf_resource_type=local_file tf_rpc=ValidateResourceTypeConfig @module=sdk.proto tf_proto_version=5.11 timestamp=2026-08-15T18:30:41.203Z
2026-08-15T18:30:41.204Z [TRACE] provider.terraform-provider-local_v2.9.0_x5: Checking ResourceTypes lock: @caller=github.com/hashicorp/terraform-plugin-framework@v1.19.0/internal/fwserver/server.go:649 @module=sdk.framework tf_req_id=62004e7f-95d2-e92a-d6a8-29352b6eac96 tf_resource_type=local_file tf_provider_addr=registry.terraform.io/hashicorp/local tf_rpc=ValidateResourceTypeConfig timestamp=2026-08-15T18:30:41.203Z
2026-08-15T18:30:41.204Z [TRACE] provider.terraform-provider-local_v2.9.0_x5: Checking ProviderTypeName lock: @caller=github.com/hashicorp/terraform-plugin-framework@v1.19.0/internal/fwserver/server.go:476 tf_req_id=62004e7f-95d2-e92a-d6a8-29352b6eac96 tf_resource_type=local_file @module=sdk.framework tf_provider_addr=registry.terraform.io/hashicorp/local tf_rpc=ValidateResourceTypeConfig timestamp=2026-08-15T18:30:41.204Z
2026-08-15T18:30:41.204Z [TRACE] provider.terraform-provider-local_v2.9.0_x5: Calling provider defined Provider Metadata: @module=sdk.framework tf_req_id=62004e7f-95d2-e92a-d6a8-29352b6eac96 tf_rpc=ValidateResourceTypeConfig tf_provider_addr=registry.terraform.io/hashicorp/local tf_resource_type=local_file @caller=github.com/hashicorp/terraform-plugin-framework@v1.19.0/internal/fwserver/server.go:487 timestamp=2026-08-15T18:30:41.204Z
2026-08-15T18:30:41.204Z [TRACE] provider.terraform-provider-local_v2.9.0_x5: Called provider defined Provider Metadata: tf_rpc=ValidateResourceTypeConfig tf_provider_addr=registry.terraform.io/hashicorp/local tf_req_id=62004e7f-95d2-e92a-d6a8-29352b6eac96 @caller=github.com/hashicorp/terraform-plugin-framework@v1.19.0/internal/fwserver/server.go:489 @module=sdk.framework tf_resource_type=local_file timestamp=2026-08-15T18:30:41.204Z
2026-08-15T18:30:41.204Z [TRACE] provider.terraform-provider-local_v2.9.0_x5: Calling provider defined Provider Resources: @module=sdk.framework tf_provider_addr=registry.terraform.io/hashicorp/local tf_req_id=62004e7f-95d2-e92a-d6a8-29352b6eac96 tf_resource_type=local_file tf_rpc=ValidateResourceTypeConfig @caller=github.com/hashicorp/terraform-plugin-framework@v1.19.0/internal/fwserver/server.go:660 timestamp=2026-08-15T18:30:41.204Z
2026-08-15T18:30:41.204Z [TRACE] provider.terraform-provider-local_v2.9.0_x5: Called provider defined Provider Resources: @caller=github.com/hashicorp/terraform-plugin-framework@v1.19.0/internal/fwserver/server.go:662 tf_provider_addr=registry.terraform.io/hashicorp/local tf_rpc=ValidateResourceTypeConfig @module=sdk.framework tf_req_id=62004e7f-95d2-e92a-d6a8-29352b6eac96 tf_resource_type=local_file timestamp=2026-08-15T18:30:41.204Z
2026-08-15T18:30:41.204Z [TRACE] provider.terraform-provider-local_v2.9.0_x5: Found resource type: @module=sdk.framework tf_provider_addr=registry.terraform.io/hashicorp/local tf_req_id=62004e7f-95d2-e92a-d6a8-29352b6eac96 tf_resource_type=local_file tf_rpc=ValidateResourceTypeConfig @caller=github.com/hashicorp/terraform-plugin-framework@v1.19.0/internal/fwserver/server.go:683 timestamp=2026-08-15T18:30:41.204Z
2026-08-15T18:30:41.204Z [TRACE] provider.terraform-provider-local_v2.9.0_x5: Found resource type: @caller=github.com/hashicorp/terraform-plugin-framework@v1.19.0/internal/fwserver/server.go:683 @module=sdk.framework tf_provider_addr=registry.terraform.io/hashicorp/local tf_req_id=62004e7f-95d2-e92a-d6a8-29352b6eac96 tf_resource_type=local_sensitive_file tf_rpc=ValidateResourceTypeConfig timestamp=2026-08-15T18:30:41.204Z
2026-08-15T18:30:41.204Z [TRACE] provider.terraform-provider-local_v2.9.0_x5: Checking ResourceTypes lock: tf_req_id=62004e7f-95d2-e92a-d6a8-29352b6eac96 tf_rpc=ValidateResourceTypeConfig tf_provider_addr=registry.terraform.io/hashicorp/local tf_resource_type=local_file @caller=github.com/hashicorp/terraform-plugin-framework@v1.19.0/internal/fwserver/server.go:649 @module=sdk.framework timestamp=2026-08-15T18:30:41.204Z
2026-08-15T18:30:41.204Z [TRACE] provider.terraform-provider-local_v2.9.0_x5: Calling provider defined Resource Schema method: @caller=github.com/hashicorp/terraform-plugin-framework@v1.19.0/internal/fwserver/server.go:741 @module=sdk.framework tf_provider_addr=registry.terraform.io/hashicorp/local tf_resource_type=local_file tf_rpc=ValidateResourceTypeConfig tf_req_id=62004e7f-95d2-e92a-d6a8-29352b6eac96 timestamp=2026-08-15T18:30:41.204Z
2026-08-15T18:30:41.204Z [TRACE] provider.terraform-provider-local_v2.9.0_x5: Called provider defined Resource Schema method: tf_rpc=ValidateResourceTypeConfig @caller=github.com/hashicorp/terraform-plugin-framework@v1.19.0/internal/fwserver/server.go:743 tf_resource_type=local_file @module=sdk.framework tf_provider_addr=registry.terraform.io/hashicorp/local tf_req_id=62004e7f-95d2-e92a-d6a8-29352b6eac96 timestamp=2026-08-15T18:30:41.204Z
2026-08-15T18:30:41.204Z [TRACE] provider.terraform-provider-local_v2.9.0_x5: Value implements ValidateableAttribute: tf_provider_addr=registry.terraform.io/hashicorp/local tf_resource_type=local_file @caller=github.com/hashicorp/terraform-plugin-framework@v1.19.0/internal/fwschemadata/data_value.go:96 @module=sdk.framework tf_attribute_path=directory_permission tf_req_id=62004e7f-95d2-e92a-d6a8-29352b6eac96 tf_rpc=ValidateResourceTypeConfig timestamp=2026-08-15T18:30:41.204Z
2026-08-15T18:30:41.204Z [TRACE] provider.terraform-provider-local_v2.9.0_x5: Calling provider defined Value ValidateAttribute: tf_provider_addr=registry.terraform.io/hashicorp/local tf_req_id=62004e7f-95d2-e92a-d6a8-29352b6eac96 tf_rpc=ValidateResourceTypeConfig @caller=github.com/hashicorp/terraform-plugin-framework@v1.19.0/internal/fwschemadata/data_value.go:97 @module=sdk.framework tf_attribute_path=directory_permission tf_resource_type=local_file timestamp=2026-08-15T18:30:41.204Z
2026-08-15T18:30:41.204Z [TRACE] provider.terraform-provider-local_v2.9.0_x5: Called provider defined Value ValidateAttribute: @module=sdk.framework tf_req_id=62004e7f-95d2-e92a-d6a8-29352b6eac96 tf_resource_type=local_file tf_rpc=ValidateResourceTypeConfig tf_attribute_path=directory_permission tf_provider_addr=registry.terraform.io/hashicorp/local @caller=github.com/hashicorp/terraform-plugin-framework@v1.19.0/internal/fwschemadata/data_value.go:108 timestamp=2026-08-15T18:30:41.204Z
2026-08-15T18:30:41.204Z [TRACE] provider.terraform-provider-local_v2.9.0_x5: Calling provider defined validator.String: tf_rpc=ValidateResourceTypeConfig @module=sdk.framework description="Ensure that one and only one attribute from this collection is set: \"[content,content_base64,source]\"" tf_provider_addr=registry.terraform.io/hashicorp/local tf_req_id=62004e7f-95d2-e92a-d6a8-29352b6eac96 @caller=github.com/hashicorp/terraform-plugin-framework@v1.19.0/internal/fwserver/attribute_validation.go:908 tf_attribute_path=sensitive_content tf_resource_type=local_file timestamp=2026-08-15T18:30:41.204Z
2026-08-15T18:30:41.204Z [TRACE] provider.terraform-provider-local_v2.9.0_x5: Called provider defined validator.String: @module=sdk.framework tf_req_id=62004e7f-95d2-e92a-d6a8-29352b6eac96 tf_rpc=ValidateResourceTypeConfig @caller=github.com/hashicorp/terraform-plugin-framework@v1.19.0/internal/fwserver/attribute_validation.go:918 description="Ensure that one and only one attribute from this collection is set: \"[content,content_base64,source]\"" tf_attribute_path=sensitive_content tf_provider_addr=registry.terraform.io/hashicorp/local tf_resource_type=local_file timestamp=2026-08-15T18:30:41.204Z
2026-08-15T18:30:41.204Z [TRACE] provider.terraform-provider-local_v2.9.0_x5: Calling provider defined validator.String: @module=sdk.framework description="Ensure that one and only one attribute from this collection is set: \"[content,sensitive_content,content_base64]\"" tf_attribute_path=source tf_provider_addr=registry.terraform.io/hashicorp/local tf_req_id=62004e7f-95d2-e92a-d6a8-29352b6eac96 tf_resource_type=local_file tf_rpc=ValidateResourceTypeConfig @caller=github.com/hashicorp/terraform-plugin-framework@v1.19.0/internal/fwserver/attribute_validation.go:908 timestamp=2026-08-15T18:30:41.204Z
2026-08-15T18:30:41.204Z [TRACE] provider.terraform-provider-local_v2.9.0_x5: Called provider defined validator.String: @module=sdk.framework description="Ensure that one and only one attribute from this collection is set: \"[content,sensitive_content,content_base64]\"" tf_attribute_path=source tf_resource_type=local_file @caller=github.com/hashicorp/terraform-plugin-framework@v1.19.0/internal/fwserver/attribute_validation.go:918 tf_provider_addr=registry.terraform.io/hashicorp/local tf_req_id=62004e7f-95d2-e92a-d6a8-29352b6eac96 tf_rpc=ValidateResourceTypeConfig timestamp=2026-08-15T18:30:41.204Z
2026-08-15T18:30:41.204Z [TRACE] provider.terraform-provider-local_v2.9.0_x5: Calling provider defined validator.String: tf_attribute_path=content_base64 tf_req_id=62004e7f-95d2-e92a-d6a8-29352b6eac96 tf_resource_type=local_file @module=sdk.framework description="Ensure that one and only one attribute from this collection is set: \"[content,sensitive_content,source]\"" tf_provider_addr=registry.terraform.io/hashicorp/local tf_rpc=ValidateResourceTypeConfig @caller=github.com/hashicorp/terraform-plugin-framework@v1.19.0/internal/fwserver/attribute_validation.go:908 timestamp=2026-08-15T18:30:41.204Z
2026-08-15T18:30:41.204Z [TRACE] provider.terraform-provider-local_v2.9.0_x5: Called provider defined validator.String: tf_req_id=62004e7f-95d2-e92a-d6a8-29352b6eac96 tf_rpc=ValidateResourceTypeConfig @module=sdk.framework tf_attribute_path=content_base64 tf_provider_addr=registry.terraform.io/hashicorp/local tf_resource_type=local_file @caller=github.com/hashicorp/terraform-plugin-framework@v1.19.0/internal/fwserver/attribute_validation.go:918 description="Ensure that one and only one attribute from this collection is set: \"[content,sensitive_content,source]\"" timestamp=2026-08-15T18:30:41.204Z
2026-08-15T18:30:41.204Z [TRACE] provider.terraform-provider-local_v2.9.0_x5: Calling provider defined validator.String: @module=sdk.framework description="Ensure that one and only one attribute from this collection is set: \"[sensitive_content,content_base64,source]\"" tf_resource_type=local_file @caller=github.com/hashicorp/terraform-plugin-framework@v1.19.0/internal/fwserver/attribute_validation.go:908 tf_attribute_path=content tf_provider_addr=registry.terraform.io/hashicorp/local tf_req_id=62004e7f-95d2-e92a-d6a8-29352b6eac96 tf_rpc=ValidateResourceTypeConfig timestamp=2026-08-15T18:30:41.204Z
2026-08-15T18:30:41.204Z [TRACE] provider.terraform-provider-local_v2.9.0_x5: Called provider defined validator.String: tf_provider_addr=registry.terraform.io/hashicorp/local @caller=github.com/hashicorp/terraform-plugin-framework@v1.19.0/internal/fwserver/attribute_validation.go:918 @module=sdk.framework tf_attribute_path=content tf_req_id=62004e7f-95d2-e92a-d6a8-29352b6eac96 tf_resource_type=local_file tf_rpc=ValidateResourceTypeConfig description="Ensure that one and only one attribute from this collection is set: \"[sensitive_content,content_base64,source]\"" timestamp=2026-08-15T18:30:41.204Z
2026-08-15T18:30:41.204Z [TRACE] provider.terraform-provider-local_v2.9.0_x5: Value implements ValidateableAttribute: tf_resource_type=local_file tf_rpc=ValidateResourceTypeConfig @module=sdk.framework tf_attribute_path=file_permission tf_provider_addr=registry.terraform.io/hashicorp/local @caller=github.com/hashicorp/terraform-plugin-framework@v1.19.0/internal/fwschemadata/data_value.go:96 tf_req_id=62004e7f-95d2-e92a-d6a8-29352b6eac96 timestamp=2026-08-15T18:30:41.204Z
2026-08-15T18:30:41.204Z [TRACE] provider.terraform-provider-local_v2.9.0_x5: Calling provider defined Value ValidateAttribute: @caller=github.com/hashicorp/terraform-plugin-framework@v1.19.0/internal/fwschemadata/data_value.go:97 tf_attribute_path=file_permission tf_provider_addr=registry.terraform.io/hashicorp/local tf_req_id=62004e7f-95d2-e92a-d6a8-29352b6eac96 tf_rpc=ValidateResourceTypeConfig @module=sdk.framework tf_resource_type=local_file timestamp=2026-08-15T18:30:41.204Z
2026-08-15T18:30:41.205Z [TRACE] provider.terraform-provider-local_v2.9.0_x5: Called provider defined Value ValidateAttribute: @caller=github.com/hashicorp/terraform-plugin-framework@v1.19.0/internal/fwschemadata/data_value.go:108 @module=sdk.framework tf_provider_addr=registry.terraform.io/hashicorp/local tf_req_id=62004e7f-95d2-e92a-d6a8-29352b6eac96 tf_resource_type=local_file tf_rpc=ValidateResourceTypeConfig tf_attribute_path=file_permission timestamp=2026-08-15T18:30:41.204Z
2026-08-15T18:30:41.205Z [TRACE] provider.terraform-provider-local_v2.9.0_x5: Received downstream response: tf_req_duration_ms=0 tf_req_id=62004e7f-95d2-e92a-d6a8-29352b6eac96 tf_resource_type=local_file @module=sdk.proto diagnostic_warning_count=0 tf_proto_version=5.11 tf_provider_addr=registry.terraform.io/hashicorp/local tf_rpc=ValidateResourceTypeConfig @caller=github.com/hashicorp/terraform-plugin-go@v0.31.0/tfprotov5/internal/tf5serverlogging/downstream_request.go:61 diagnostic_error_count=0 timestamp=2026-08-15T18:30:41.204Z
2026-08-15T18:30:41.205Z [TRACE] provider.terraform-provider-local_v2.9.0_x5: Served request: @caller=github.com/hashicorp/terraform-plugin-go@v0.31.0/tfprotov5/tf5server/server.go:783 @module=sdk.proto tf_proto_version=5.11 tf_resource_type=local_file tf_provider_addr=registry.terraform.io/hashicorp/local tf_req_id=62004e7f-95d2-e92a-d6a8-29352b6eac96 tf_rpc=ValidateResourceTypeConfig timestamp=2026-08-15T18:30:41.204Z
2026-08-15T18:30:41.205Z [TRACE] vertex "local_file.demo": visit complete
2026-08-15T18:30:41.205Z [TRACE] vertex "provider[\"registry.terraform.io/hashicorp/local\"] (close)": starting visit (*terraform.graphNodeCloseProvider)
2026-08-15T18:30:41.205Z [TRACE] vertex "provider[\"registry.terraform.io/hashicorp/local\"] (close)": does not belong to any module instance
2026-08-15T18:30:41.205Z [TRACE] GRPCProvider: Close
2026-08-15T18:30:41.206Z [DEBUG] provider.stdio: received EOF, stopping recv loop: err="rpc error: code = Unavailable desc = error reading from server: EOF"
2026-08-15T18:30:41.206Z [INFO]  provider: plugin process exited: plugin=.terraform/providers/registry.terraform.io/hashicorp/local/2.9.0/linux_amd64/terraform-provider-local_v2.9.0_x5 id=3634
2026-08-15T18:30:41.206Z [DEBUG] provider: plugin exited
2026-08-15T18:30:41.206Z [TRACE] vertex "provider[\"registry.terraform.io/hashicorp/local\"] (close)": visit complete
2026-08-15T18:30:41.206Z [TRACE] vertex "root": starting visit (*terraform.nodeCloseModule)
2026-08-15T18:30:41.206Z [TRACE] vertex "root": does not belong to any module instance
2026-08-15T18:30:41.207Z [TRACE] vertex "root": visit complete
2026-08-15T18:30:41.207Z [INFO]  backend/local: plan calling Plan
2026-08-15T18:30:41.207Z [DEBUG] Building and walking plan graph for NormalMode
2026-08-15T18:30:41.207Z [TRACE] building graph for walkPlan
2026-08-15T18:30:41.207Z [TRACE] Executing graph transform *terraform.ConfigTransformer
2026-08-15T18:30:41.207Z [TRACE] ConfigTransformer: Starting for path:
2026-08-15T18:30:41.207Z [TRACE] Executing graph transform *terraform.ActionTriggerConfigTransformer
2026-08-15T18:30:41.207Z [TRACE] Executing graph transform *terraform.ActionInvokePlanTransformer
2026-08-15T18:30:41.207Z [TRACE] Executing graph transform *terraform.RootVariableTransformer
2026-08-15T18:30:41.207Z [TRACE] Executing graph transform *terraform.ModuleVariableTransformer
2026-08-15T18:30:41.207Z [TRACE] Executing graph transform *terraform.variableValidationTransformer
2026-08-15T18:30:41.207Z [TRACE] variableValidationTransformer: adding validation nodes for any existing variable evaluation nodes
2026-08-15T18:30:41.207Z [TRACE] Executing graph transform *terraform.LocalTransformer
2026-08-15T18:30:41.207Z [TRACE] Executing graph transform *terraform.OutputTransformer
2026-08-15T18:30:41.207Z [TRACE] Executing graph transform *terraform.checkTransformer
2026-08-15T18:30:41.207Z [TRACE] Executing graph transform *terraform.OrphanResourceInstanceTransformer
2026-08-15T18:30:41.207Z [TRACE] Executing graph transform *terraform.StateTransformer
2026-08-15T18:30:41.207Z [TRACE] StateTransformer: creating nodes for deposed instance objects only
2026-08-15T18:30:41.207Z [TRACE] Executing graph transform *terraform.AttachStateTransformer
2026-08-15T18:30:41.207Z [TRACE] Executing graph transform *terraform.OrphanOutputTransformer
2026-08-15T18:30:41.207Z [TRACE] Executing graph transform *terraform.AttachResourceConfigTransformer
2026-08-15T18:30:41.207Z [TRACE] AttachResourceConfigTransformer: attaching to "local_file.demo (expand)" (*terraform.nodeExpandPlannableResource) config from hcl.Range{Filename:"terraform.tf", Start:hcl.Pos{Line:10, Column:1, Byte:121}, End:hcl.Pos{Line:10, Column:29, Byte:149}}
2026-08-15T18:30:41.207Z [TRACE] AttachResourceConfigTransformer: attaching provider meta configs to local_file.demo (expand)
2026-08-15T18:30:41.207Z [TRACE] Executing graph transform *terraform.graphTransformerMulti
2026-08-15T18:30:41.207Z [TRACE] (graphTransformerMulti) Executing graph transform *terraform.externalProviderTransformer
2026-08-15T18:30:41.207Z [TRACE] (graphTransformerMulti) Completed graph transform *terraform.externalProviderTransformer with new graph:
  local_file.demo (expand) - *terraform.nodeExpandPlannableResource
  ------
2026-08-15T18:30:41.207Z [TRACE] (graphTransformerMulti) Executing graph transform *terraform.ProviderConfigTransformer
2026-08-15T18:30:41.207Z [TRACE] (graphTransformerMulti) Completed graph transform *terraform.ProviderConfigTransformer with new graph:
  local_file.demo (expand) - *terraform.nodeExpandPlannableResource
  provider["registry.terraform.io/hashicorp/local"] - *terraform.NodeApplyableProvider
  ------
2026-08-15T18:30:41.207Z [TRACE] (graphTransformerMulti) Executing graph transform *terraform.MissingProviderTransformer
2026-08-15T18:30:41.207Z [TRACE] (graphTransformerMulti) Completed graph transform *terraform.MissingProviderTransformer (no changes)
2026-08-15T18:30:41.207Z [TRACE] (graphTransformerMulti) Executing graph transform *terraform.ProviderTransformer
2026-08-15T18:30:41.207Z [TRACE] ProviderTransformer: exact match for provider["registry.terraform.io/hashicorp/local"] serving local_file.demo (expand)
2026-08-15T18:30:41.207Z [DEBUG] ProviderTransformer: "local_file.demo (expand)" (*terraform.nodeExpandPlannableResource) needs provider["registry.terraform.io/hashicorp/local"]
2026-08-15T18:30:41.207Z [TRACE] (graphTransformerMulti) Completed graph transform *terraform.ProviderTransformer with new graph:
  local_file.demo (expand) - *terraform.nodeExpandPlannableResource
    provider["registry.terraform.io/hashicorp/local"] - *terraform.NodeApplyableProvider
  provider["registry.terraform.io/hashicorp/local"] - *terraform.NodeApplyableProvider
  ------
2026-08-15T18:30:41.207Z [TRACE] (graphTransformerMulti) Executing graph transform *terraform.PruneProviderTransformer
2026-08-15T18:30:41.207Z [TRACE] (graphTransformerMulti) Completed graph transform *terraform.PruneProviderTransformer (no changes)
2026-08-15T18:30:41.207Z [TRACE] Executing graph transform *terraform.RemovedModuleTransformer
2026-08-15T18:30:41.207Z [TRACE] Executing graph transform *terraform.AttachSchemaTransformer
2026-08-15T18:30:41.207Z [TRACE] terraform.contextPlugins: Schema for provider "registry.terraform.io/hashicorp/local" is in the global cache
2026-08-15T18:30:41.207Z [TRACE] AttachSchemaTransformer: attaching resource schema to local_file.demo (expand)
2026-08-15T18:30:41.207Z [TRACE] terraform.contextPlugins: Schema for provider "registry.terraform.io/hashicorp/local" is in the global cache
2026-08-15T18:30:41.207Z [TRACE] AttachSchemaTransformer: attaching provider config schema to provider["registry.terraform.io/hashicorp/local"]
2026-08-15T18:30:41.207Z [TRACE] Executing graph transform *terraform.ModuleExpansionTransformer
2026-08-15T18:30:41.207Z [TRACE] Executing graph transform *terraform.ExternalReferenceTransformer
2026-08-15T18:30:41.207Z [TRACE] Executing graph transform *terraform.ReferenceTransformer
2026-08-15T18:30:41.207Z [DEBUG] ReferenceTransformer: "local_file.demo (expand)" references: []
2026-08-15T18:30:41.207Z [DEBUG] ReferenceTransformer: "provider[\"registry.terraform.io/hashicorp/local\"]" references: []
2026-08-15T18:30:41.207Z [TRACE] Executing graph transform *terraform.AttachDependenciesTransformer
2026-08-15T18:30:41.207Z [TRACE] AttachDependenciesTransformer: local_file.demo (expand) depends on []
2026-08-15T18:30:41.207Z [TRACE] Executing graph transform *terraform.attachDataResourceDependsOnTransformer
2026-08-15T18:30:41.207Z [TRACE] Executing graph transform *terraform.DestroyEdgeTransformer
2026-08-15T18:30:41.207Z [TRACE] Executing graph transform *terraform.pruneUnusedNodesTransformer
2026-08-15T18:30:41.207Z [TRACE] Executing graph transform *terraform.TargetsTransformer
2026-08-15T18:30:41.207Z [TRACE] Executing graph transform *terraform.QueryTransformer
2026-08-15T18:30:41.207Z [TRACE] Executing graph transform *terraform.ForcedCBDTransformer
2026-08-15T18:30:41.207Z [TRACE] ForcedCBDTransformer: "local_file.demo (expand)" (*terraform.nodeExpandPlannableResource) has no CBD descendant, so skipping
2026-08-15T18:30:41.207Z [TRACE] Executing graph transform *terraform.ephemeralResourceCloseTransformer
2026-08-15T18:30:41.207Z [TRACE] Executing graph transform *terraform.CloseProviderTransformer
2026-08-15T18:30:41.207Z [TRACE] Executing graph transform *terraform.CloseRootModuleTransformer
2026-08-15T18:30:41.207Z [TRACE] Executing graph transform *terraform.TransitiveReductionTransformer
2026-08-15T18:30:41.207Z [TRACE] Completed graph transform:
local_file.demo (expand) - *terraform.nodeExpandPlannableResource
  provider["registry.terraform.io/hashicorp/local"] - *terraform.NodeApplyableProvider
provider["registry.terraform.io/hashicorp/local"] - *terraform.NodeApplyableProvider
provider["registry.terraform.io/hashicorp/local"] (close) - *terraform.graphNodeCloseProvider
  local_file.demo (expand) - *terraform.nodeExpandPlannableResource
root - *terraform.nodeCloseModule
  provider["registry.terraform.io/hashicorp/local"] (close) - *terraform.graphNodeCloseProvider
  ------
2026-08-15T18:30:41.207Z [DEBUG] Starting graph walk: walkPlan
2026-08-15T18:30:41.207Z [TRACE] vertex "provider[\"registry.terraform.io/hashicorp/local\"]": starting visit (*terraform.NodeApplyableProvider)
2026-08-15T18:30:41.207Z [TRACE] vertex "provider[\"registry.terraform.io/hashicorp/local\"]": belongs to
2026-08-15T18:30:41.207Z [DEBUG] created provider logger: level=trace
2026-08-15T18:30:41.207Z [INFO]  provider: configuring client automatic mTLS
2026-08-15T18:30:41.211Z [DEBUG] provider: starting plugin: path=.terraform/providers/registry.terraform.io/hashicorp/local/2.9.0/linux_amd64/terraform-provider-local_v2.9.0_x5 args=[".terraform/providers/registry.terraform.io/hashicorp/local/2.9.0/linux_amd64/terraform-provider-local_v2.9.0_x5"]
2026-08-15T18:30:41.212Z [DEBUG] provider: plugin started: path=.terraform/providers/registry.terraform.io/hashicorp/local/2.9.0/linux_amd64/terraform-provider-local_v2.9.0_x5 pid=3645
2026-08-15T18:30:41.212Z [DEBUG] provider: waiting for RPC address: plugin=.terraform/providers/registry.terraform.io/hashicorp/local/2.9.0/linux_amd64/terraform-provider-local_v2.9.0_x5
2026-08-15T18:30:41.216Z [INFO]  provider.terraform-provider-local_v2.9.0_x5: configuring server automatic mTLS: timestamp=2026-08-15T18:30:41.216Z
2026-08-15T18:30:41.229Z [DEBUG] provider: using plugin: version=5
2026-08-15T18:30:41.229Z [DEBUG] provider.terraform-provider-local_v2.9.0_x5: plugin address: address=/tmp/plugin2411396189 network=unix timestamp=2026-08-15T18:30:41.229Z
2026-08-15T18:30:41.238Z [TRACE] BuiltinEvalContext: Initialized "provider[\"registry.terraform.io/hashicorp/local\"]" provider for provider["registry.terraform.io/hashicorp/local"]
2026-08-15T18:30:41.238Z [TRACE] terraform.contextPlugins: Schema for provider "registry.terraform.io/hashicorp/local" is in the global cache
2026-08-15T18:30:41.238Z [TRACE] NodeApplyableProvider: configuring provider["registry.terraform.io/hashicorp/local"]
2026-08-15T18:30:41.238Z [TRACE] buildProviderConfig for provider["registry.terraform.io/hashicorp/local"]: no configuration at all
2026-08-15T18:30:41.238Z [TRACE] GRPCProvider: GetProviderSchema
2026-08-15T18:30:41.238Z [TRACE] GRPCProvider: returning cached schema: EXTRA_VALUE_AT_END=registry.terraform.io/hashicorp/local
2026-08-15T18:30:41.238Z [TRACE] terraform.contextPlugins: Schema for provider "registry.terraform.io/hashicorp/local" is in the global cache
2026-08-15T18:30:41.238Z [TRACE] provider.stdio: waiting for stdio data
2026-08-15T18:30:41.238Z [TRACE] GRPCProvider: ValidateProviderConfig
2026-08-15T18:30:41.238Z [TRACE] GRPCProvider: GetProviderSchema
2026-08-15T18:30:41.238Z [TRACE] GRPCProvider: returning cached schema: EXTRA_VALUE_AT_END=registry.terraform.io/hashicorp/local
2026-08-15T18:30:41.239Z [TRACE] provider.terraform-provider-local_v2.9.0_x5: Received request: @caller=github.com/hashicorp/terraform-plugin-go@v0.31.0/tfprotov5/tf5server/server.go:597 @module=sdk.proto tf_proto_version=5.11 tf_provider_addr=registry.terraform.io/hashicorp/local tf_rpc=PrepareProviderConfig tf_req_id=b9a853d8-0f82-4ecc-be74-2f57c574857e timestamp=2026-08-15T18:30:41.239Z
2026-08-15T18:30:41.239Z [TRACE] provider.terraform-provider-local_v2.9.0_x5: Skipping protocol data file writing because no data directory is set. Use the TF_LOG_SDK_PROTO_DATA_DIR environment variable to enable this functionality.: tf_rpc=PrepareProviderConfig @caller=github.com/hashicorp/terraform-plugin-go@v0.31.0/internal/logging/protocol_data.go:41 @module=sdk.proto tf_proto_version=5.11 tf_provider_addr=registry.terraform.io/hashicorp/local tf_req_id=b9a853d8-0f82-4ecc-be74-2f57c574857e timestamp=2026-08-15T18:30:41.239Z
2026-08-15T18:30:41.239Z [TRACE] provider.terraform-provider-local_v2.9.0_x5: Sending request downstream: @caller=github.com/hashicorp/terraform-plugin-go@v0.31.0/tfprotov5/internal/tf5serverlogging/downstream_request.go:22 @module=sdk.proto tf_provider_addr=registry.terraform.io/hashicorp/local tf_req_id=b9a853d8-0f82-4ecc-be74-2f57c574857e tf_proto_version=5.11 tf_rpc=PrepareProviderConfig timestamp=2026-08-15T18:30:41.239Z
2026-08-15T18:30:41.240Z [TRACE] provider.terraform-provider-local_v2.9.0_x5: Checking ProviderSchema lock: tf_provider_addr=registry.terraform.io/hashicorp/local tf_req_id=b9a853d8-0f82-4ecc-be74-2f57c574857e tf_rpc=PrepareProviderConfig @caller=github.com/hashicorp/terraform-plugin-framework@v1.19.0/internal/fwserver/server.go:499 @module=sdk.framework timestamp=2026-08-15T18:30:41.239Z
2026-08-15T18:30:41.240Z [TRACE] provider.terraform-provider-local_v2.9.0_x5: Calling provider defined Provider Schema: tf_provider_addr=registry.terraform.io/hashicorp/local tf_req_id=b9a853d8-0f82-4ecc-be74-2f57c574857e tf_rpc=PrepareProviderConfig @caller=github.com/hashicorp/terraform-plugin-framework@v1.19.0/internal/fwserver/server.go:510 @module=sdk.framework timestamp=2026-08-15T18:30:41.239Z
2026-08-15T18:30:41.240Z [TRACE] provider.terraform-provider-local_v2.9.0_x5: Called provider defined Provider Schema: tf_provider_addr=registry.terraform.io/hashicorp/local tf_req_id=b9a853d8-0f82-4ecc-be74-2f57c574857e tf_rpc=PrepareProviderConfig @caller=github.com/hashicorp/terraform-plugin-framework@v1.19.0/internal/fwserver/server.go:512 @module=sdk.framework timestamp=2026-08-15T18:30:41.239Z
2026-08-15T18:30:41.240Z [TRACE] provider.terraform-provider-local_v2.9.0_x5: Received downstream response: @module=sdk.proto diagnostic_error_count=0 diagnostic_warning_count=0 tf_provider_addr=registry.terraform.io/hashicorp/local tf_req_duration_ms=0 @caller=github.com/hashicorp/terraform-plugin-go@v0.31.0/tfprotov5/internal/tf5serverlogging/downstream_request.go:61 tf_proto_version=5.11 tf_req_id=b9a853d8-0f82-4ecc-be74-2f57c574857e tf_rpc=PrepareProviderConfig timestamp=2026-08-15T18:30:41.239Z
2026-08-15T18:30:41.240Z [TRACE] provider.terraform-provider-local_v2.9.0_x5: Served request: tf_req_id=b9a853d8-0f82-4ecc-be74-2f57c574857e @caller=github.com/hashicorp/terraform-plugin-go@v0.31.0/tfprotov5/tf5server/server.go:618 @module=sdk.proto tf_proto_version=5.11 tf_provider_addr=registry.terraform.io/hashicorp/local tf_rpc=PrepareProviderConfig timestamp=2026-08-15T18:30:41.239Z
2026-08-15T18:30:41.240Z [TRACE] GRPCProvider: ConfigureProvider
2026-08-15T18:30:41.240Z [TRACE] GRPCProvider: GetProviderSchema
2026-08-15T18:30:41.240Z [TRACE] GRPCProvider: returning cached schema: EXTRA_VALUE_AT_END=registry.terraform.io/hashicorp/local
2026-08-15T18:30:41.240Z [TRACE] provider.terraform-provider-local_v2.9.0_x5: Received request: @module=sdk.proto tf_proto_version=5.11 tf_req_id=d83d437e-ad51-c105-0edf-0233d8ae08a7 tf_rpc=Configure tf_provider_addr=registry.terraform.io/hashicorp/local @caller=github.com/hashicorp/terraform-plugin-go@v0.31.0/tfprotov5/tf5server/server.go:626 timestamp=2026-08-15T18:30:41.240Z
2026-08-15T18:30:41.241Z [TRACE] provider.terraform-provider-local_v2.9.0_x5: Announced client capabilities: tf_client_capability_deferral_allowed=false tf_provider_addr=registry.terraform.io/hashicorp/local tf_req_id=d83d437e-ad51-c105-0edf-0233d8ae08a7 @caller=github.com/hashicorp/terraform-plugin-go@v0.31.0/tfprotov5/internal/tf5serverlogging/client_capabilities.go:38 @module=sdk.proto tf_proto_version=5.11 tf_rpc=Configure timestamp=2026-08-15T18:30:41.240Z
2026-08-15T18:30:41.241Z [TRACE] provider.terraform-provider-local_v2.9.0_x5: Sending request downstream: @module=sdk.proto tf_provider_addr=registry.terraform.io/hashicorp/local tf_req_id=d83d437e-ad51-c105-0edf-0233d8ae08a7 tf_rpc=Configure @caller=github.com/hashicorp/terraform-plugin-go@v0.31.0/tfprotov5/internal/tf5serverlogging/downstream_request.go:22 tf_proto_version=5.11 timestamp=2026-08-15T18:30:41.240Z
2026-08-15T18:30:41.241Z [TRACE] provider.terraform-provider-local_v2.9.0_x5: Checking ProviderSchema lock: @module=sdk.framework tf_provider_addr=registry.terraform.io/hashicorp/local tf_req_id=d83d437e-ad51-c105-0edf-0233d8ae08a7 tf_rpc=Configure @caller=github.com/hashicorp/terraform-plugin-framework@v1.19.0/internal/fwserver/server.go:499 timestamp=2026-08-15T18:30:41.240Z
2026-08-15T18:30:41.241Z [TRACE] provider.terraform-provider-local_v2.9.0_x5: Calling provider defined Provider Configure: @module=sdk.framework tf_provider_addr=registry.terraform.io/hashicorp/local tf_req_id=d83d437e-ad51-c105-0edf-0233d8ae08a7 tf_rpc=Configure @caller=github.com/hashicorp/terraform-plugin-framework@v1.19.0/internal/fwserver/server_configureprovider.go:15 timestamp=2026-08-15T18:30:41.240Z
2026-08-15T18:30:41.241Z [TRACE] provider.terraform-provider-local_v2.9.0_x5: Called provider defined Provider Configure: tf_req_id=d83d437e-ad51-c105-0edf-0233d8ae08a7 tf_rpc=Configure @caller=github.com/hashicorp/terraform-plugin-framework@v1.19.0/internal/fwserver/server_configureprovider.go:23 @module=sdk.framework tf_provider_addr=registry.terraform.io/hashicorp/local timestamp=2026-08-15T18:30:41.240Z
2026-08-15T18:30:41.241Z [TRACE] provider.terraform-provider-local_v2.9.0_x5: Received downstream response: @caller=github.com/hashicorp/terraform-plugin-go@v0.31.0/tfprotov5/internal/tf5serverlogging/downstream_request.go:61 @module=sdk.proto diagnostic_error_count=0 tf_proto_version=5.11 tf_provider_addr=registry.terraform.io/hashicorp/local tf_rpc=Configure diagnostic_warning_count=0 tf_req_duration_ms=0 tf_req_id=d83d437e-ad51-c105-0edf-0233d8ae08a7 timestamp=2026-08-15T18:30:41.240Z
2026-08-15T18:30:41.241Z [TRACE] provider.terraform-provider-local_v2.9.0_x5: Served request: @module=sdk.proto tf_proto_version=5.11 tf_req_id=d83d437e-ad51-c105-0edf-0233d8ae08a7 @caller=github.com/hashicorp/terraform-plugin-go@v0.31.0/tfprotov5/tf5server/server.go:646 tf_provider_addr=registry.terraform.io/hashicorp/local tf_rpc=Configure timestamp=2026-08-15T18:30:41.241Z
2026-08-15T18:30:41.241Z [TRACE] vertex "provider[\"registry.terraform.io/hashicorp/local\"]": visit complete
2026-08-15T18:30:41.241Z [TRACE] vertex "local_file.demo (expand)": starting visit (*terraform.nodeExpandPlannableResource)
2026-08-15T18:30:41.241Z [TRACE] vertex "local_file.demo (expand)": does not belong to any module instance
2026-08-15T18:30:41.241Z [TRACE] vertex "local_file.demo (expand)": expanding dynamic subgraph
2026-08-15T18:30:41.241Z [TRACE] Executing graph transform *terraform.ResourceCountTransformer
2026-08-15T18:30:41.241Z [TRACE] ResourceCountTransformer: adding local_file.demo as *terraform.NodePlannableResourceInstance
2026-08-15T18:30:41.241Z [TRACE] Executing graph transform *terraform.OrphanResourceInstanceCountTransformer
2026-08-15T18:30:41.241Z [TRACE] Executing graph transform *terraform.AttachStateTransformer
2026-08-15T18:30:41.241Z [TRACE] NodeAbstractResourceInstance.AttachResourceState for local_file.demo
2026-08-15T18:30:41.241Z [TRACE] Executing graph transform *terraform.TargetsTransformer
2026-08-15T18:30:41.241Z [TRACE] Executing graph transform *terraform.ReferenceTransformer
2026-08-15T18:30:41.241Z [DEBUG] ReferenceTransformer: "local_file.demo" references: []
2026-08-15T18:30:41.241Z [TRACE] Executing graph transform *terraform.RootTransformer
2026-08-15T18:30:41.241Z [TRACE] Completed graph transform:
local_file.demo - *terraform.NodePlannableResourceInstance
root - terraform.graphNodeRoot
  local_file.demo - *terraform.NodePlannableResourceInstance
  ------
2026-08-15T18:30:41.241Z [TRACE] vertex "local_file.demo (expand)": entering dynamic subgraph
2026-08-15T18:30:41.241Z [TRACE] vertex "local_file.demo": starting visit (*terraform.NodePlannableResourceInstance)
2026-08-15T18:30:41.241Z [TRACE] vertex "local_file.demo": belongs to
2026-08-15T18:30:41.241Z [TRACE] terraform.contextPlugins: Schema for provider "registry.terraform.io/hashicorp/local" is in the global cache
2026-08-15T18:30:41.241Z [TRACE] terraform.contextPlugins: Schema for provider "registry.terraform.io/hashicorp/local" is in the global cache
2026-08-15T18:30:41.241Z [TRACE] readResourceInstanceState: reading state for local_file.demo
2026-08-15T18:30:41.241Z [TRACE] upgradeResourceState: schema version of local_file.demo is still 0; calling provider "local" for any other minor fixups
2026-08-15T18:30:41.241Z [TRACE] GRPCProvider: UpgradeResourceState
2026-08-15T18:30:41.241Z [TRACE] GRPCProvider: GetProviderSchema
2026-08-15T18:30:41.241Z [TRACE] GRPCProvider: returning cached schema: EXTRA_VALUE_AT_END=registry.terraform.io/hashicorp/local
2026-08-15T18:30:41.242Z [TRACE] provider.terraform-provider-local_v2.9.0_x5: Received request: @module=sdk.proto tf_proto_version=5.11 tf_provider_addr=registry.terraform.io/hashicorp/local tf_req_id=69080336-2e4f-310b-77f2-c927f6594467 tf_resource_type=local_file tf_rpc=UpgradeResourceState @caller=github.com/hashicorp/terraform-plugin-go@v0.31.0/tfprotov5/tf5server/server.go:792 timestamp=2026-08-15T18:30:41.242Z
2026-08-15T18:30:41.242Z [TRACE] provider.terraform-provider-local_v2.9.0_x5: Sending request downstream: tf_provider_addr=registry.terraform.io/hashicorp/local tf_req_id=69080336-2e4f-310b-77f2-c927f6594467 tf_resource_type=local_file tf_proto_version=5.11 tf_rpc=UpgradeResourceState @caller=github.com/hashicorp/terraform-plugin-go@v0.31.0/tfprotov5/internal/tf5serverlogging/downstream_request.go:22 @module=sdk.proto timestamp=2026-08-15T18:30:41.242Z
2026-08-15T18:30:41.242Z [TRACE] provider.terraform-provider-local_v2.9.0_x5: Checking ResourceTypes lock: @caller=github.com/hashicorp/terraform-plugin-framework@v1.19.0/internal/fwserver/server.go:649 @module=sdk.framework tf_provider_addr=registry.terraform.io/hashicorp/local tf_rpc=UpgradeResourceState tf_req_id=69080336-2e4f-310b-77f2-c927f6594467 tf_resource_type=local_file timestamp=2026-08-15T18:30:41.242Z
2026-08-15T18:30:41.242Z [TRACE] provider.terraform-provider-local_v2.9.0_x5: Checking ProviderTypeName lock: @caller=github.com/hashicorp/terraform-plugin-framework@v1.19.0/internal/fwserver/server.go:476 tf_provider_addr=registry.terraform.io/hashicorp/local tf_req_id=69080336-2e4f-310b-77f2-c927f6594467 tf_resource_type=local_file tf_rpc=UpgradeResourceState @module=sdk.framework timestamp=2026-08-15T18:30:41.242Z
2026-08-15T18:30:41.242Z [TRACE] provider.terraform-provider-local_v2.9.0_x5: Calling provider defined Provider Metadata: @module=sdk.framework tf_provider_addr=registry.terraform.io/hashicorp/local tf_resource_type=local_file tf_rpc=UpgradeResourceState @caller=github.com/hashicorp/terraform-plugin-framework@v1.19.0/internal/fwserver/server.go:487 tf_req_id=69080336-2e4f-310b-77f2-c927f6594467 timestamp=2026-08-15T18:30:41.242Z
2026-08-15T18:30:41.242Z [TRACE] provider.terraform-provider-local_v2.9.0_x5: Called provider defined Provider Metadata: tf_resource_type=local_file tf_rpc=UpgradeResourceState @module=sdk.framework @caller=github.com/hashicorp/terraform-plugin-framework@v1.19.0/internal/fwserver/server.go:489 tf_provider_addr=registry.terraform.io/hashicorp/local tf_req_id=69080336-2e4f-310b-77f2-c927f6594467 timestamp=2026-08-15T18:30:41.242Z
2026-08-15T18:30:41.242Z [TRACE] provider.terraform-provider-local_v2.9.0_x5: Calling provider defined Provider Resources: @caller=github.com/hashicorp/terraform-plugin-framework@v1.19.0/internal/fwserver/server.go:660 @module=sdk.framework tf_provider_addr=registry.terraform.io/hashicorp/local tf_req_id=69080336-2e4f-310b-77f2-c927f6594467 tf_resource_type=local_file tf_rpc=UpgradeResourceState timestamp=2026-08-15T18:30:41.242Z
2026-08-15T18:30:41.242Z [TRACE] provider.terraform-provider-local_v2.9.0_x5: Called provider defined Provider Resources: @module=sdk.framework tf_req_id=69080336-2e4f-310b-77f2-c927f6594467 tf_resource_type=local_file tf_rpc=UpgradeResourceState @caller=github.com/hashicorp/terraform-plugin-framework@v1.19.0/internal/fwserver/server.go:662 tf_provider_addr=registry.terraform.io/hashicorp/local timestamp=2026-08-15T18:30:41.242Z
2026-08-15T18:30:41.242Z [TRACE] provider.terraform-provider-local_v2.9.0_x5: Found resource type: @module=sdk.framework tf_provider_addr=registry.terraform.io/hashicorp/local tf_resource_type=local_file tf_rpc=UpgradeResourceState @caller=github.com/hashicorp/terraform-plugin-framework@v1.19.0/internal/fwserver/server.go:683 tf_req_id=69080336-2e4f-310b-77f2-c927f6594467 timestamp=2026-08-15T18:30:41.242Z
2026-08-15T18:30:41.242Z [TRACE] provider.terraform-provider-local_v2.9.0_x5: Found resource type: tf_resource_type=local_sensitive_file @module=sdk.framework tf_rpc=UpgradeResourceState @caller=github.com/hashicorp/terraform-plugin-framework@v1.19.0/internal/fwserver/server.go:683 tf_provider_addr=registry.terraform.io/hashicorp/local tf_req_id=69080336-2e4f-310b-77f2-c927f6594467 timestamp=2026-08-15T18:30:41.242Z
2026-08-15T18:30:41.242Z [TRACE] provider.terraform-provider-local_v2.9.0_x5: Checking ResourceTypes lock: tf_rpc=UpgradeResourceState @caller=github.com/hashicorp/terraform-plugin-framework@v1.19.0/internal/fwserver/server.go:649 tf_provider_addr=registry.terraform.io/hashicorp/local tf_req_id=69080336-2e4f-310b-77f2-c927f6594467 tf_resource_type=local_file @module=sdk.framework timestamp=2026-08-15T18:30:41.242Z
2026-08-15T18:30:41.242Z [TRACE] provider.terraform-provider-local_v2.9.0_x5: Calling provider defined Resource Schema method: @caller=github.com/hashicorp/terraform-plugin-framework@v1.19.0/internal/fwserver/server.go:741 @module=sdk.framework tf_provider_addr=registry.terraform.io/hashicorp/local tf_req_id=69080336-2e4f-310b-77f2-c927f6594467 tf_resource_type=local_file tf_rpc=UpgradeResourceState timestamp=2026-08-15T18:30:41.242Z
2026-08-15T18:30:41.242Z [TRACE] provider.terraform-provider-local_v2.9.0_x5: Called provider defined Resource Schema method: @caller=github.com/hashicorp/terraform-plugin-framework@v1.19.0/internal/fwserver/server.go:743 @module=sdk.framework tf_provider_addr=registry.terraform.io/hashicorp/local tf_req_id=69080336-2e4f-310b-77f2-c927f6594467 tf_rpc=UpgradeResourceState tf_resource_type=local_file timestamp=2026-08-15T18:30:41.242Z
2026-08-15T18:30:41.242Z [TRACE] provider.terraform-provider-local_v2.9.0_x5: UpgradeResourceState request version matches current Schema version, using framework defined passthrough implementation: tf_provider_addr=registry.terraform.io/hashicorp/local tf_rpc=UpgradeResourceState @caller=github.com/hashicorp/terraform-plugin-framework@v1.19.0/internal/fwserver/server_upgraderesourcestate.go:87 @module=sdk.framework tf_req_id=69080336-2e4f-310b-77f2-c927f6594467 tf_resource_type=local_file timestamp=2026-08-15T18:30:41.242Z
2026-08-15T18:30:41.242Z [TRACE] provider.terraform-provider-local_v2.9.0_x5: Received downstream response: diagnostic_error_count=0 tf_proto_version=5.11 tf_provider_addr=registry.terraform.io/hashicorp/local tf_req_duration_ms=0 tf_req_id=69080336-2e4f-310b-77f2-c927f6594467 @module=sdk.proto diagnostic_warning_count=0 tf_resource_type=local_file tf_rpc=UpgradeResourceState @caller=github.com/hashicorp/terraform-plugin-go@v0.31.0/tfprotov5/internal/tf5serverlogging/downstream_request.go:61 timestamp=2026-08-15T18:30:41.242Z
2026-08-15T18:30:41.242Z [TRACE] provider.terraform-provider-local_v2.9.0_x5: Served request: @module=sdk.proto tf_provider_addr=registry.terraform.io/hashicorp/local tf_req_id=69080336-2e4f-310b-77f2-c927f6594467 tf_resource_type=local_file @caller=github.com/hashicorp/terraform-plugin-go@v0.31.0/tfprotov5/tf5server/server.go:811 tf_proto_version=5.11 tf_rpc=UpgradeResourceState timestamp=2026-08-15T18:30:41.242Z
2026-08-15T18:30:41.243Z [TRACE] terraform.contextPlugins: Schema for provider "registry.terraform.io/hashicorp/local" is in the global cache
2026-08-15T18:30:41.243Z [TRACE] NodeAbstractResourceInstance.writeResourceInstanceState to prevRunState for local_file.demo
2026-08-15T18:30:41.243Z [TRACE] NodeAbstractResourceInstance.writeResourceInstanceState: writing state object for local_file.demo
2026-08-15T18:30:41.243Z [TRACE] terraform.contextPlugins: Schema for provider "registry.terraform.io/hashicorp/local" is in the global cache
2026-08-15T18:30:41.243Z [TRACE] NodeAbstractResourceInstance.writeResourceInstanceState to refreshState for local_file.demo
2026-08-15T18:30:41.243Z [TRACE] NodeAbstractResourceInstance.writeResourceInstanceState: writing state object for local_file.demo
2026-08-15T18:30:41.243Z [TRACE] NodeAbstractResourceInstance.refresh for local_file.demo
2026-08-15T18:30:41.243Z [TRACE] terraform.contextPlugins: Schema for provider "registry.terraform.io/hashicorp/local" is in the global cache
2026-08-15T18:30:41.243Z [TRACE] terraform.contextPlugins: Schema for provider "registry.terraform.io/hashicorp/local" is in the global cache
2026-08-15T18:30:41.243Z [TRACE] GRPCProvider: ReadResource
2026-08-15T18:30:41.243Z [TRACE] GRPCProvider: GetProviderSchema
2026-08-15T18:30:41.243Z [TRACE] GRPCProvider: returning cached schema: EXTRA_VALUE_AT_END=registry.terraform.io/hashicorp/local
2026-08-15T18:30:41.244Z [TRACE] provider.terraform-provider-local_v2.9.0_x5: Received request: tf_req_id=6c64cd36-b959-548e-b79f-268e1c317bed tf_resource_type=local_file tf_proto_version=5.11 tf_provider_addr=registry.terraform.io/hashicorp/local tf_rpc=ReadResource @caller=github.com/hashicorp/terraform-plugin-go@v0.31.0/tfprotov5/tf5server/server.go:850 @module=sdk.proto timestamp=2026-08-15T18:30:41.244Z
2026-08-15T18:30:41.244Z [TRACE] provider.terraform-provider-local_v2.9.0_x5: Announced client capabilities: @caller=github.com/hashicorp/terraform-plugin-go@v0.31.0/tfprotov5/internal/tf5serverlogging/client_capabilities.go:66 @module=sdk.proto tf_proto_version=5.11 tf_provider_addr=registry.terraform.io/hashicorp/local tf_client_capability_deferral_allowed=false tf_req_id=6c64cd36-b959-548e-b79f-268e1c317bed tf_resource_type=local_file tf_rpc=ReadResource timestamp=2026-08-15T18:30:41.244Z
2026-08-15T18:30:41.244Z [TRACE] provider.terraform-provider-local_v2.9.0_x5: Sending request downstream: @caller=github.com/hashicorp/terraform-plugin-go@v0.31.0/tfprotov5/internal/tf5serverlogging/downstream_request.go:22 tf_resource_type=local_file tf_rpc=ReadResource @module=sdk.proto tf_proto_version=5.11 tf_provider_addr=registry.terraform.io/hashicorp/local tf_req_id=6c64cd36-b959-548e-b79f-268e1c317bed timestamp=2026-08-15T18:30:41.244Z
2026-08-15T18:30:41.244Z [TRACE] provider.terraform-provider-local_v2.9.0_x5: Checking ResourceTypes lock: tf_provider_addr=registry.terraform.io/hashicorp/local tf_req_id=6c64cd36-b959-548e-b79f-268e1c317bed @caller=github.com/hashicorp/terraform-plugin-framework@v1.19.0/internal/fwserver/server.go:649 @module=sdk.framework tf_resource_type=local_file tf_rpc=ReadResource timestamp=2026-08-15T18:30:41.244Z
2026-08-15T18:30:41.244Z [TRACE] provider.terraform-provider-local_v2.9.0_x5: Checking ResourceTypes lock: @module=sdk.framework tf_provider_addr=registry.terraform.io/hashicorp/local tf_req_id=6c64cd36-b959-548e-b79f-268e1c317bed tf_rpc=ReadResource tf_resource_type=local_file @caller=github.com/hashicorp/terraform-plugin-framework@v1.19.0/internal/fwserver/server.go:649 timestamp=2026-08-15T18:30:41.244Z
2026-08-15T18:30:41.244Z [TRACE] provider.terraform-provider-local_v2.9.0_x5: Checking ResourceBehaviors lock: tf_resource_type=local_file tf_rpc=ReadResource @module=sdk.framework @caller=github.com/hashicorp/terraform-plugin-framework@v1.19.0/internal/fwserver/server.go:595 tf_provider_addr=registry.terraform.io/hashicorp/local tf_req_id=6c64cd36-b959-548e-b79f-268e1c317bed timestamp=2026-08-15T18:30:41.244Z
2026-08-15T18:30:41.244Z [TRACE] provider.terraform-provider-local_v2.9.0_x5: Checking ProviderTypeName lock: @caller=github.com/hashicorp/terraform-plugin-framework@v1.19.0/internal/fwserver/server.go:476 @module=sdk.framework tf_provider_addr=registry.terraform.io/hashicorp/local tf_resource_type=local_file tf_req_id=6c64cd36-b959-548e-b79f-268e1c317bed tf_rpc=ReadResource timestamp=2026-08-15T18:30:41.244Z
2026-08-15T18:30:41.244Z [TRACE] provider.terraform-provider-local_v2.9.0_x5: Checking ResourceTypes lock: tf_provider_addr=registry.terraform.io/hashicorp/local tf_resource_type=local_file tf_rpc=ReadResource @caller=github.com/hashicorp/terraform-plugin-framework@v1.19.0/internal/fwserver/server.go:649 tf_req_id=6c64cd36-b959-548e-b79f-268e1c317bed @module=sdk.framework timestamp=2026-08-15T18:30:41.244Z
2026-08-15T18:30:41.244Z [TRACE] provider.terraform-provider-local_v2.9.0_x5: Found resource type: tf_rpc=ReadResource @caller=github.com/hashicorp/terraform-plugin-framework@v1.19.0/internal/fwserver/server.go:628 tf_provider_addr=registry.terraform.io/hashicorp/local @module=sdk.framework tf_req_id=6c64cd36-b959-548e-b79f-268e1c317bed tf_resource_type=local_file timestamp=2026-08-15T18:30:41.244Z
2026-08-15T18:30:41.244Z [TRACE] provider.terraform-provider-local_v2.9.0_x5: Found resource type: @module=sdk.framework tf_rpc=ReadResource @caller=github.com/hashicorp/terraform-plugin-framework@v1.19.0/internal/fwserver/server.go:628 tf_provider_addr=registry.terraform.io/hashicorp/local tf_req_id=6c64cd36-b959-548e-b79f-268e1c317bed tf_resource_type=local_sensitive_file timestamp=2026-08-15T18:30:41.244Z
2026-08-15T18:30:41.244Z [TRACE] provider.terraform-provider-local_v2.9.0_x5: Calling provider defined Resource Read: @caller=github.com/hashicorp/terraform-plugin-framework@v1.19.0/internal/fwserver/server_readresource.go:155 tf_provider_addr=registry.terraform.io/hashicorp/local @module=sdk.framework tf_req_id=6c64cd36-b959-548e-b79f-268e1c317bed tf_resource_type=local_file tf_rpc=ReadResource timestamp=2026-08-15T18:30:41.244Z
2026-08-15T18:30:41.244Z [TRACE] provider.terraform-provider-local_v2.9.0_x5: Called provider defined Resource Read: @module=sdk.framework @caller=github.com/hashicorp/terraform-plugin-framework@v1.19.0/internal/fwserver/server_readresource.go:157 tf_provider_addr=registry.terraform.io/hashicorp/local tf_req_id=6c64cd36-b959-548e-b79f-268e1c317bed tf_resource_type=local_file tf_rpc=ReadResource timestamp=2026-08-15T18:30:41.244Z
2026-08-15T18:30:41.244Z [TRACE] provider.terraform-provider-local_v2.9.0_x5: Value implements ValidateableAttribute: tf_req_id=6c64cd36-b959-548e-b79f-268e1c317bed tf_rpc=ReadResource @module=sdk.framework tf_resource_type=local_file @caller=github.com/hashicorp/terraform-plugin-framework@v1.19.0/internal/fwschemadata/data_value.go:96 tf_provider_addr=registry.terraform.io/hashicorp/local timestamp=2026-08-15T18:30:41.244Z
2026-08-15T18:30:41.244Z [TRACE] provider.terraform-provider-local_v2.9.0_x5: Calling provider defined Value ValidateAttribute: tf_resource_type=local_file tf_rpc=ReadResource @caller=github.com/hashicorp/terraform-plugin-framework@v1.19.0/internal/fwschemadata/data_value.go:97 @module=sdk.framework tf_provider_addr=registry.terraform.io/hashicorp/local tf_req_id=6c64cd36-b959-548e-b79f-268e1c317bed timestamp=2026-08-15T18:30:41.244Z
2026-08-15T18:30:41.244Z [TRACE] provider.terraform-provider-local_v2.9.0_x5: Called provider defined Value ValidateAttribute: tf_rpc=ReadResource tf_provider_addr=registry.terraform.io/hashicorp/local tf_req_id=6c64cd36-b959-548e-b79f-268e1c317bed @caller=github.com/hashicorp/terraform-plugin-framework@v1.19.0/internal/fwschemadata/data_value.go:108 @module=sdk.framework tf_resource_type=local_file timestamp=2026-08-15T18:30:41.244Z
2026-08-15T18:30:41.244Z [TRACE] provider.terraform-provider-local_v2.9.0_x5: Value implements ValidateableAttribute: @module=sdk.framework @caller=github.com/hashicorp/terraform-plugin-framework@v1.19.0/internal/fwschemadata/data_value.go:96 tf_provider_addr=registry.terraform.io/hashicorp/local tf_req_id=6c64cd36-b959-548e-b79f-268e1c317bed tf_resource_type=local_file tf_rpc=ReadResource timestamp=2026-08-15T18:30:41.244Z
2026-08-15T18:30:41.244Z [TRACE] provider.terraform-provider-local_v2.9.0_x5: Calling provider defined Value ValidateAttribute: tf_provider_addr=registry.terraform.io/hashicorp/local tf_resource_type=local_file tf_rpc=ReadResource @caller=github.com/hashicorp/terraform-plugin-framework@v1.19.0/internal/fwschemadata/data_value.go:97 @module=sdk.framework tf_req_id=6c64cd36-b959-548e-b79f-268e1c317bed timestamp=2026-08-15T18:30:41.244Z
2026-08-15T18:30:41.244Z [TRACE] provider.terraform-provider-local_v2.9.0_x5: Called provider defined Value ValidateAttribute: @caller=github.com/hashicorp/terraform-plugin-framework@v1.19.0/internal/fwschemadata/data_value.go:108 tf_provider_addr=registry.terraform.io/hashicorp/local tf_req_id=6c64cd36-b959-548e-b79f-268e1c317bed @module=sdk.framework tf_resource_type=local_file tf_rpc=ReadResource timestamp=2026-08-15T18:30:41.244Z
2026-08-15T18:30:41.244Z [DEBUG] provider.terraform-provider-local_v2.9.0_x5: Value switched to prior value due to semantic equality logic: @caller=github.com/hashicorp/terraform-plugin-framework@v1.19.0/internal/fwschemadata/value_semantic_equality.go:91 tf_req_id=6c64cd36-b959-548e-b79f-268e1c317bed tf_resource_type=local_file @module=sdk.framework tf_attribute_path=directory_permission tf_provider_addr=registry.terraform.io/hashicorp/local tf_rpc=ReadResource timestamp=2026-08-15T18:30:41.244Z
2026-08-15T18:30:41.244Z [DEBUG] provider.terraform-provider-local_v2.9.0_x5: Value switched to prior value due to semantic equality logic: @caller=github.com/hashicorp/terraform-plugin-framework@v1.19.0/internal/fwschemadata/value_semantic_equality.go:91 tf_provider_addr=registry.terraform.io/hashicorp/local tf_req_id=6c64cd36-b959-548e-b79f-268e1c317bed tf_resource_type=local_file @module=sdk.framework tf_attribute_path=content_sha1 tf_rpc=ReadResource timestamp=2026-08-15T18:30:41.244Z
2026-08-15T18:30:41.244Z [TRACE] provider.terraform-provider-local_v2.9.0_x5: Value implements ValidateableAttribute: @caller=github.com/hashicorp/terraform-plugin-framework@v1.19.0/internal/fwschemadata/data_value.go:96 @module=sdk.framework tf_provider_addr=registry.terraform.io/hashicorp/local tf_req_id=6c64cd36-b959-548e-b79f-268e1c317bed tf_resource_type=local_file tf_rpc=ReadResource timestamp=2026-08-15T18:30:41.244Z
2026-08-15T18:30:41.244Z [TRACE] provider.terraform-provider-local_v2.9.0_x5: Calling provider defined Value ValidateAttribute: tf_req_id=6c64cd36-b959-548e-b79f-268e1c317bed tf_provider_addr=registry.terraform.io/hashicorp/local tf_resource_type=local_file tf_rpc=ReadResource @caller=github.com/hashicorp/terraform-plugin-framework@v1.19.0/internal/fwschemadata/data_value.go:97 @module=sdk.framework timestamp=2026-08-15T18:30:41.244Z
2026-08-15T18:30:41.244Z [TRACE] provider.terraform-provider-local_v2.9.0_x5: Called provider defined Value ValidateAttribute: @caller=github.com/hashicorp/terraform-plugin-framework@v1.19.0/internal/fwschemadata/data_value.go:108 @module=sdk.framework tf_provider_addr=registry.terraform.io/hashicorp/local tf_req_id=6c64cd36-b959-548e-b79f-268e1c317bed tf_resource_type=local_file tf_rpc=ReadResource timestamp=2026-08-15T18:30:41.244Z
2026-08-15T18:30:41.244Z [TRACE] provider.terraform-provider-local_v2.9.0_x5: Value implements ValidateableAttribute: @caller=github.com/hashicorp/terraform-plugin-framework@v1.19.0/internal/fwschemadata/data_value.go:96 tf_provider_addr=registry.terraform.io/hashicorp/local tf_req_id=6c64cd36-b959-548e-b79f-268e1c317bed @module=sdk.framework tf_resource_type=local_file tf_rpc=ReadResource timestamp=2026-08-15T18:30:41.244Z
2026-08-15T18:30:41.244Z [TRACE] provider.terraform-provider-local_v2.9.0_x5: Calling provider defined Value ValidateAttribute: @module=sdk.framework tf_resource_type=local_file @caller=github.com/hashicorp/terraform-plugin-framework@v1.19.0/internal/fwschemadata/data_value.go:97 tf_provider_addr=registry.terraform.io/hashicorp/local tf_req_id=6c64cd36-b959-548e-b79f-268e1c317bed tf_rpc=ReadResource timestamp=2026-08-15T18:30:41.244Z
2026-08-15T18:30:41.244Z [TRACE] provider.terraform-provider-local_v2.9.0_x5: Called provider defined Value ValidateAttribute: tf_resource_type=local_file tf_provider_addr=registry.terraform.io/hashicorp/local tf_req_id=6c64cd36-b959-548e-b79f-268e1c317bed tf_rpc=ReadResource @caller=github.com/hashicorp/terraform-plugin-framework@v1.19.0/internal/fwschemadata/data_value.go:108 @module=sdk.framework timestamp=2026-08-15T18:30:41.244Z
2026-08-15T18:30:41.244Z [DEBUG] provider.terraform-provider-local_v2.9.0_x5: Value switched to prior value due to semantic equality logic: @module=sdk.framework tf_attribute_path=file_permission tf_resource_type=local_file @caller=github.com/hashicorp/terraform-plugin-framework@v1.19.0/internal/fwschemadata/value_semantic_equality.go:91 tf_provider_addr=registry.terraform.io/hashicorp/local tf_req_id=6c64cd36-b959-548e-b79f-268e1c317bed tf_rpc=ReadResource timestamp=2026-08-15T18:30:41.244Z
2026-08-15T18:30:41.245Z [DEBUG] provider.terraform-provider-local_v2.9.0_x5: Value switched to prior value due to semantic equality logic: @caller=github.com/hashicorp/terraform-plugin-framework@v1.19.0/internal/fwschemadata/value_semantic_equality.go:91 @module=sdk.framework tf_attribute_path=id tf_provider_addr=registry.terraform.io/hashicorp/local tf_req_id=6c64cd36-b959-548e-b79f-268e1c317bed tf_rpc=ReadResource tf_resource_type=local_file timestamp=2026-08-15T18:30:41.245Z
2026-08-15T18:30:41.245Z [DEBUG] provider.terraform-provider-local_v2.9.0_x5: Value switched to prior value due to semantic equality logic: tf_attribute_path=content_md5 tf_provider_addr=registry.terraform.io/hashicorp/local tf_req_id=6c64cd36-b959-548e-b79f-268e1c317bed tf_resource_type=local_file @caller=github.com/hashicorp/terraform-plugin-framework@v1.19.0/internal/fwschemadata/value_semantic_equality.go:91 @module=sdk.framework tf_rpc=ReadResource timestamp=2026-08-15T18:30:41.245Z
2026-08-15T18:30:41.245Z [DEBUG] provider.terraform-provider-local_v2.9.0_x5: Value switched to prior value due to semantic equality logic: @caller=github.com/hashicorp/terraform-plugin-framework@v1.19.0/internal/fwschemadata/value_semantic_equality.go:91 tf_resource_type=local_file tf_rpc=ReadResource @module=sdk.framework tf_attribute_path=content_sha256 tf_provider_addr=registry.terraform.io/hashicorp/local tf_req_id=6c64cd36-b959-548e-b79f-268e1c317bed timestamp=2026-08-15T18:30:41.245Z
2026-08-15T18:30:41.245Z [DEBUG] provider.terraform-provider-local_v2.9.0_x5: Value switched to prior value due to semantic equality logic: tf_rpc=ReadResource @module=sdk.framework tf_req_id=6c64cd36-b959-548e-b79f-268e1c317bed tf_resource_type=local_file @caller=github.com/hashicorp/terraform-plugin-framework@v1.19.0/internal/fwschemadata/value_semantic_equality.go:91 tf_attribute_path=content_base64sha256 tf_provider_addr=registry.terraform.io/hashicorp/local timestamp=2026-08-15T18:30:41.245Z
2026-08-15T18:30:41.245Z [DEBUG] provider.terraform-provider-local_v2.9.0_x5: Value switched to prior value due to semantic equality logic: tf_provider_addr=registry.terraform.io/hashicorp/local tf_req_id=6c64cd36-b959-548e-b79f-268e1c317bed tf_rpc=ReadResource @caller=github.com/hashicorp/terraform-plugin-framework@v1.19.0/internal/fwschemadata/value_semantic_equality.go:91 @module=sdk.framework tf_attribute_path=filename tf_resource_type=local_file timestamp=2026-08-15T18:30:41.245Z
2026-08-15T18:30:41.245Z [DEBUG] provider.terraform-provider-local_v2.9.0_x5: Value switched to prior value due to semantic equality logic: tf_attribute_path=content tf_provider_addr=registry.terraform.io/hashicorp/local tf_resource_type=local_file tf_rpc=ReadResource @caller=github.com/hashicorp/terraform-plugin-framework@v1.19.0/internal/fwschemadata/value_semantic_equality.go:91 @module=sdk.framework tf_req_id=6c64cd36-b959-548e-b79f-268e1c317bed timestamp=2026-08-15T18:30:41.245Z
2026-08-15T18:30:41.245Z [DEBUG] provider.terraform-provider-local_v2.9.0_x5: Value switched to prior value due to semantic equality logic: tf_attribute_path=content_base64sha512 tf_req_id=6c64cd36-b959-548e-b79f-268e1c317bed @caller=github.com/hashicorp/terraform-plugin-framework@v1.19.0/internal/fwschemadata/value_semantic_equality.go:91 @module=sdk.framework tf_provider_addr=registry.terraform.io/hashicorp/local tf_resource_type=local_file tf_rpc=ReadResource timestamp=2026-08-15T18:30:41.245Z
2026-08-15T18:30:41.245Z [DEBUG] provider.terraform-provider-local_v2.9.0_x5: Value switched to prior value due to semantic equality logic: tf_req_id=6c64cd36-b959-548e-b79f-268e1c317bed @caller=github.com/hashicorp/terraform-plugin-framework@v1.19.0/internal/fwschemadata/value_semantic_equality.go:91 @module=sdk.framework tf_attribute_path=content_sha512 tf_provider_addr=registry.terraform.io/hashicorp/local tf_resource_type=local_file tf_rpc=ReadResource timestamp=2026-08-15T18:30:41.245Z
2026-08-15T18:30:41.246Z [TRACE] provider.terraform-provider-local_v2.9.0_x5: Received downstream response: diagnostic_error_count=0 diagnostic_warning_count=0 tf_provider_addr=registry.terraform.io/hashicorp/local tf_req_duration_ms=1 tf_resource_type=local_file tf_rpc=ReadResource @caller=github.com/hashicorp/terraform-plugin-go@v0.31.0/tfprotov5/internal/tf5serverlogging/downstream_request.go:61 @module=sdk.proto tf_proto_version=5.11 tf_req_id=6c64cd36-b959-548e-b79f-268e1c317bed timestamp=2026-08-15T18:30:41.245Z
2026-08-15T18:30:41.246Z [TRACE] provider.terraform-provider-local_v2.9.0_x5: Served request: tf_req_id=6c64cd36-b959-548e-b79f-268e1c317bed tf_resource_type=local_file tf_rpc=ReadResource @caller=github.com/hashicorp/terraform-plugin-go@v0.31.0/tfprotov5/tf5server/server.go:881 @module=sdk.proto tf_proto_version=5.11 tf_provider_addr=registry.terraform.io/hashicorp/local timestamp=2026-08-15T18:30:41.246Z
2026-08-15T18:30:41.246Z [TRACE] terraform.contextPlugins: Schema for provider "registry.terraform.io/hashicorp/local" is in the global cache
2026-08-15T18:30:41.246Z [TRACE] NodeAbstractResourceInstance.writeResourceInstanceState to refreshState for local_file.demo
2026-08-15T18:30:41.246Z [TRACE] NodeAbstractResourceInstance.writeResourceInstanceState: writing state object for local_file.demo
2026-08-15T18:30:41.246Z [TRACE] terraform.contextPlugins: Schema for provider "registry.terraform.io/hashicorp/local" is in the global cache
2026-08-15T18:30:41.246Z [TRACE] terraform.contextPlugins: Schema for provider "registry.terraform.io/hashicorp/local" is in the global cache
2026-08-15T18:30:41.246Z [TRACE] terraform.contextPlugins: Schema for provider "registry.terraform.io/hashicorp/local" is in the global cache
2026-08-15T18:30:41.246Z [TRACE] Re-validating config for "local_file.demo"
2026-08-15T18:30:41.246Z [TRACE] GRPCProvider: ValidateResourceConfig
2026-08-15T18:30:41.246Z [TRACE] GRPCProvider: GetProviderSchema
2026-08-15T18:30:41.246Z [TRACE] GRPCProvider: returning cached schema: EXTRA_VALUE_AT_END=registry.terraform.io/hashicorp/local
2026-08-15T18:30:41.247Z [TRACE] provider.terraform-provider-local_v2.9.0_x5: Received request: tf_proto_version=5.11 tf_resource_type=local_file tf_rpc=ValidateResourceTypeConfig tf_provider_addr=registry.terraform.io/hashicorp/local tf_req_id=679385d4-66e0-1ef0-ce09-eb5671da65bc @caller=github.com/hashicorp/terraform-plugin-go@v0.31.0/tfprotov5/tf5server/server.go:762 @module=sdk.proto timestamp=2026-08-15T18:30:41.247Z
2026-08-15T18:30:41.247Z [TRACE] provider.terraform-provider-local_v2.9.0_x5: Announced client capabilities: tf_proto_version=5.11 tf_provider_addr=registry.terraform.io/hashicorp/local tf_req_id=679385d4-66e0-1ef0-ce09-eb5671da65bc @caller=github.com/hashicorp/terraform-plugin-go@v0.31.0/tfprotov5/internal/tf5serverlogging/client_capabilities.go:24 @module=sdk.proto tf_client_capability_write_only_attributes_allowed=true tf_resource_type=local_file tf_rpc=ValidateResourceTypeConfig timestamp=2026-08-15T18:30:41.247Z
2026-08-15T18:30:41.247Z [TRACE] provider.terraform-provider-local_v2.9.0_x5: Sending request downstream: @caller=github.com/hashicorp/terraform-plugin-go@v0.31.0/tfprotov5/internal/tf5serverlogging/downstream_request.go:22 @module=sdk.proto tf_req_id=679385d4-66e0-1ef0-ce09-eb5671da65bc tf_rpc=ValidateResourceTypeConfig tf_proto_version=5.11 tf_provider_addr=registry.terraform.io/hashicorp/local tf_resource_type=local_file timestamp=2026-08-15T18:30:41.247Z
2026-08-15T18:30:41.247Z [TRACE] provider.terraform-provider-local_v2.9.0_x5: Checking ResourceTypes lock: @module=sdk.framework @caller=github.com/hashicorp/terraform-plugin-framework@v1.19.0/internal/fwserver/server.go:649 tf_provider_addr=registry.terraform.io/hashicorp/local tf_req_id=679385d4-66e0-1ef0-ce09-eb5671da65bc tf_resource_type=local_file tf_rpc=ValidateResourceTypeConfig timestamp=2026-08-15T18:30:41.247Z
2026-08-15T18:30:41.247Z [TRACE] provider.terraform-provider-local_v2.9.0_x5: Calling provider defined validator.String: tf_provider_addr=registry.terraform.io/hashicorp/local @module=sdk.framework tf_req_id=679385d4-66e0-1ef0-ce09-eb5671da65bc tf_resource_type=local_file tf_rpc=ValidateResourceTypeConfig @caller=github.com/hashicorp/terraform-plugin-framework@v1.19.0/internal/fwserver/attribute_validation.go:908 description="Ensure that one and only one attribute from this collection is set: \"[sensitive_content,content_base64,source]\"" tf_attribute_path=content timestamp=2026-08-15T18:30:41.247Z
2026-08-15T18:30:41.247Z [TRACE] provider.terraform-provider-local_v2.9.0_x5: Called provider defined validator.String: description="Ensure that one and only one attribute from this collection is set: \"[sensitive_content,content_base64,source]\"" tf_attribute_path=content tf_provider_addr=registry.terraform.io/hashicorp/local tf_req_id=679385d4-66e0-1ef0-ce09-eb5671da65bc tf_resource_type=local_file tf_rpc=ValidateResourceTypeConfig @caller=github.com/hashicorp/terraform-plugin-framework@v1.19.0/internal/fwserver/attribute_validation.go:918 @module=sdk.framework timestamp=2026-08-15T18:30:41.247Z
2026-08-15T18:30:41.247Z [TRACE] provider.terraform-provider-local_v2.9.0_x5: Calling provider defined validator.String: tf_provider_addr=registry.terraform.io/hashicorp/local tf_resource_type=local_file tf_rpc=ValidateResourceTypeConfig @module=sdk.framework description="Ensure that one and only one attribute from this collection is set: \"[content,sensitive_content,source]\"" tf_attribute_path=content_base64 tf_req_id=679385d4-66e0-1ef0-ce09-eb5671da65bc @caller=github.com/hashicorp/terraform-plugin-framework@v1.19.0/internal/fwserver/attribute_validation.go:908 timestamp=2026-08-15T18:30:41.247Z
2026-08-15T18:30:41.247Z [TRACE] provider.terraform-provider-local_v2.9.0_x5: Called provider defined validator.String: description="Ensure that one and only one attribute from this collection is set: \"[content,sensitive_content,source]\"" tf_attribute_path=content_base64 tf_provider_addr=registry.terraform.io/hashicorp/local tf_resource_type=local_file tf_rpc=ValidateResourceTypeConfig @module=sdk.framework tf_req_id=679385d4-66e0-1ef0-ce09-eb5671da65bc @caller=github.com/hashicorp/terraform-plugin-framework@v1.19.0/internal/fwserver/attribute_validation.go:918 timestamp=2026-08-15T18:30:41.247Z
2026-08-15T18:30:41.248Z [TRACE] provider.terraform-provider-local_v2.9.0_x5: Calling provider defined validator.String: @module=sdk.framework tf_attribute_path=source tf_provider_addr=registry.terraform.io/hashicorp/local tf_resource_type=local_file tf_rpc=ValidateResourceTypeConfig @caller=github.com/hashicorp/terraform-plugin-framework@v1.19.0/internal/fwserver/attribute_validation.go:908 description="Ensure that one and only one attribute from this collection is set: \"[content,sensitive_content,content_base64]\"" tf_req_id=679385d4-66e0-1ef0-ce09-eb5671da65bc timestamp=2026-08-15T18:30:41.247Z
2026-08-15T18:30:41.248Z [TRACE] provider.terraform-provider-local_v2.9.0_x5: Called provider defined validator.String: @module=sdk.framework description="Ensure that one and only one attribute from this collection is set: \"[content,sensitive_content,content_base64]\"" tf_req_id=679385d4-66e0-1ef0-ce09-eb5671da65bc tf_rpc=ValidateResourceTypeConfig tf_attribute_path=source tf_provider_addr=registry.terraform.io/hashicorp/local tf_resource_type=local_file @caller=github.com/hashicorp/terraform-plugin-framework@v1.19.0/internal/fwserver/attribute_validation.go:918 timestamp=2026-08-15T18:30:41.248Z
2026-08-15T18:30:41.248Z [TRACE] provider.terraform-provider-local_v2.9.0_x5: Calling provider defined validator.String: description="Ensure that one and only one attribute from this collection is set: \"[content,content_base64,source]\"" tf_attribute_path=sensitive_content tf_provider_addr=registry.terraform.io/hashicorp/local tf_resource_type=local_file tf_rpc=ValidateResourceTypeConfig tf_req_id=679385d4-66e0-1ef0-ce09-eb5671da65bc @caller=github.com/hashicorp/terraform-plugin-framework@v1.19.0/internal/fwserver/attribute_validation.go:908 @module=sdk.framework timestamp=2026-08-15T18:30:41.248Z
2026-08-15T18:30:41.248Z [TRACE] provider.terraform-provider-local_v2.9.0_x5: Called provider defined validator.String: tf_attribute_path=sensitive_content tf_rpc=ValidateResourceTypeConfig @caller=github.com/hashicorp/terraform-plugin-framework@v1.19.0/internal/fwserver/attribute_validation.go:918 description="Ensure that one and only one attribute from this collection is set: \"[content,content_base64,source]\"" tf_provider_addr=registry.terraform.io/hashicorp/local tf_req_id=679385d4-66e0-1ef0-ce09-eb5671da65bc tf_resource_type=local_file @module=sdk.framework timestamp=2026-08-15T18:30:41.248Z
2026-08-15T18:30:41.248Z [TRACE] provider.terraform-provider-local_v2.9.0_x5: Value implements ValidateableAttribute: tf_provider_addr=registry.terraform.io/hashicorp/local tf_resource_type=local_file tf_rpc=ValidateResourceTypeConfig @caller=github.com/hashicorp/terraform-plugin-framework@v1.19.0/internal/fwschemadata/data_value.go:96 @module=sdk.framework tf_attribute_path=file_permission tf_req_id=679385d4-66e0-1ef0-ce09-eb5671da65bc timestamp=2026-08-15T18:30:41.248Z
2026-08-15T18:30:41.248Z [TRACE] provider.terraform-provider-local_v2.9.0_x5: Calling provider defined Value ValidateAttribute: @module=sdk.framework tf_req_id=679385d4-66e0-1ef0-ce09-eb5671da65bc tf_resource_type=local_file tf_rpc=ValidateResourceTypeConfig tf_attribute_path=file_permission tf_provider_addr=registry.terraform.io/hashicorp/local @caller=github.com/hashicorp/terraform-plugin-framework@v1.19.0/internal/fwschemadata/data_value.go:97 timestamp=2026-08-15T18:30:41.248Z
2026-08-15T18:30:41.248Z [TRACE] provider.terraform-provider-local_v2.9.0_x5: Called provider defined Value ValidateAttribute: tf_provider_addr=registry.terraform.io/hashicorp/local tf_req_id=679385d4-66e0-1ef0-ce09-eb5671da65bc tf_resource_type=local_file tf_rpc=ValidateResourceTypeConfig @caller=github.com/hashicorp/terraform-plugin-framework@v1.19.0/internal/fwschemadata/data_value.go:108 @module=sdk.framework tf_attribute_path=file_permission timestamp=2026-08-15T18:30:41.248Z
2026-08-15T18:30:41.248Z [TRACE] provider.terraform-provider-local_v2.9.0_x5: Value implements ValidateableAttribute: @module=sdk.framework tf_attribute_path=directory_permission tf_provider_addr=registry.terraform.io/hashicorp/local tf_resource_type=local_file tf_rpc=ValidateResourceTypeConfig tf_req_id=679385d4-66e0-1ef0-ce09-eb5671da65bc @caller=github.com/hashicorp/terraform-plugin-framework@v1.19.0/internal/fwschemadata/data_value.go:96 timestamp=2026-08-15T18:30:41.248Z
2026-08-15T18:30:41.248Z [TRACE] provider.terraform-provider-local_v2.9.0_x5: Calling provider defined Value ValidateAttribute: @module=sdk.framework tf_provider_addr=registry.terraform.io/hashicorp/local tf_resource_type=local_file tf_rpc=ValidateResourceTypeConfig @caller=github.com/hashicorp/terraform-plugin-framework@v1.19.0/internal/fwschemadata/data_value.go:97 tf_attribute_path=directory_permission tf_req_id=679385d4-66e0-1ef0-ce09-eb5671da65bc timestamp=2026-08-15T18:30:41.248Z
2026-08-15T18:30:41.248Z [TRACE] provider.terraform-provider-local_v2.9.0_x5: Called provider defined Value ValidateAttribute: @caller=github.com/hashicorp/terraform-plugin-framework@v1.19.0/internal/fwschemadata/data_value.go:108 @module=sdk.framework tf_attribute_path=directory_permission tf_provider_addr=registry.terraform.io/hashicorp/local tf_req_id=679385d4-66e0-1ef0-ce09-eb5671da65bc tf_resource_type=local_file tf_rpc=ValidateResourceTypeConfig timestamp=2026-08-15T18:30:41.248Z
2026-08-15T18:30:41.248Z [TRACE] provider.terraform-provider-local_v2.9.0_x5: Received downstream response: tf_req_id=679385d4-66e0-1ef0-ce09-eb5671da65bc @caller=github.com/hashicorp/terraform-plugin-go@v0.31.0/tfprotov5/internal/tf5serverlogging/downstream_request.go:61 diagnostic_error_count=0 tf_provider_addr=registry.terraform.io/hashicorp/local tf_resource_type=local_file tf_rpc=ValidateResourceTypeConfig @module=sdk.proto diagnostic_warning_count=0 tf_proto_version=5.11 tf_req_duration_ms=1 timestamp=2026-08-15T18:30:41.248Z
2026-08-15T18:30:41.248Z [TRACE] provider.terraform-provider-local_v2.9.0_x5: Served request: tf_req_id=679385d4-66e0-1ef0-ce09-eb5671da65bc tf_rpc=ValidateResourceTypeConfig @module=sdk.proto tf_provider_addr=registry.terraform.io/hashicorp/local tf_resource_type=local_file @caller=github.com/hashicorp/terraform-plugin-go@v0.31.0/tfprotov5/tf5server/server.go:783 tf_proto_version=5.11 timestamp=2026-08-15T18:30:41.248Z
2026-08-15T18:30:41.248Z [TRACE] GRPCProvider: PlanResourceChange
2026-08-15T18:30:41.248Z [TRACE] GRPCProvider: GetProviderSchema
2026-08-15T18:30:41.248Z [TRACE] GRPCProvider: returning cached schema: EXTRA_VALUE_AT_END=registry.terraform.io/hashicorp/local
2026-08-15T18:30:41.249Z [TRACE] provider.terraform-provider-local_v2.9.0_x5: Received request: @caller=github.com/hashicorp/terraform-plugin-go@v0.31.0/tfprotov5/tf5server/server.go:890 tf_proto_version=5.11 tf_req_id=1c100af3-441d-3912-c85f-8fadbe42ebf0 tf_rpc=PlanResourceChange @module=sdk.proto tf_provider_addr=registry.terraform.io/hashicorp/local tf_resource_type=local_file timestamp=2026-08-15T18:30:41.249Z
2026-08-15T18:30:41.249Z [TRACE] provider.terraform-provider-local_v2.9.0_x5: Announced client capabilities: tf_provider_addr=registry.terraform.io/hashicorp/local tf_req_id=1c100af3-441d-3912-c85f-8fadbe42ebf0 @module=sdk.proto tf_resource_type=local_file tf_rpc=PlanResourceChange @caller=github.com/hashicorp/terraform-plugin-go@v0.31.0/tfprotov5/internal/tf5serverlogging/client_capabilities.go:80 tf_client_capability_deferral_allowed=false tf_proto_version=5.11 timestamp=2026-08-15T18:30:41.249Z
2026-08-15T18:30:41.249Z [TRACE] provider.terraform-provider-local_v2.9.0_x5: Sending request downstream: @caller=github.com/hashicorp/terraform-plugin-go@v0.31.0/tfprotov5/internal/tf5serverlogging/downstream_request.go:22 tf_proto_version=5.11 tf_req_id=1c100af3-441d-3912-c85f-8fadbe42ebf0 tf_rpc=PlanResourceChange @module=sdk.proto tf_provider_addr=registry.terraform.io/hashicorp/local tf_resource_type=local_file timestamp=2026-08-15T18:30:41.249Z
2026-08-15T18:30:41.249Z [TRACE] provider.terraform-provider-local_v2.9.0_x5: Checking ResourceTypes lock: tf_rpc=PlanResourceChange @caller=github.com/hashicorp/terraform-plugin-framework@v1.19.0/internal/fwserver/server.go:649 @module=sdk.framework tf_provider_addr=registry.terraform.io/hashicorp/local tf_req_id=1c100af3-441d-3912-c85f-8fadbe42ebf0 tf_resource_type=local_file timestamp=2026-08-15T18:30:41.249Z
2026-08-15T18:30:41.249Z [TRACE] provider.terraform-provider-local_v2.9.0_x5: Checking ResourceBehaviors lock: tf_provider_addr=registry.terraform.io/hashicorp/local tf_req_id=1c100af3-441d-3912-c85f-8fadbe42ebf0 tf_rpc=PlanResourceChange @caller=github.com/hashicorp/terraform-plugin-framework@v1.19.0/internal/fwserver/server.go:595 tf_resource_type=local_file @module=sdk.framework timestamp=2026-08-15T18:30:41.249Z
2026-08-15T18:30:41.249Z [TRACE] provider.terraform-provider-local_v2.9.0_x5: Value implements ValidateableAttribute: @module=sdk.framework tf_provider_addr=registry.terraform.io/hashicorp/local tf_resource_type=local_file tf_rpc=PlanResourceChange @caller=github.com/hashicorp/terraform-plugin-framework@v1.19.0/internal/fwschemadata/data_value.go:96 tf_req_id=1c100af3-441d-3912-c85f-8fadbe42ebf0 timestamp=2026-08-15T18:30:41.249Z
2026-08-15T18:30:41.250Z [TRACE] provider.terraform-provider-local_v2.9.0_x5: Calling provider defined Value ValidateAttribute: tf_provider_addr=registry.terraform.io/hashicorp/local @caller=github.com/hashicorp/terraform-plugin-framework@v1.19.0/internal/fwschemadata/data_value.go:97 @module=sdk.framework tf_req_id=1c100af3-441d-3912-c85f-8fadbe42ebf0 tf_resource_type=local_file tf_rpc=PlanResourceChange timestamp=2026-08-15T18:30:41.249Z
2026-08-15T18:30:41.250Z [TRACE] provider.terraform-provider-local_v2.9.0_x5: Called provider defined Value ValidateAttribute: @caller=github.com/hashicorp/terraform-plugin-framework@v1.19.0/internal/fwschemadata/data_value.go:108 tf_provider_addr=registry.terraform.io/hashicorp/local tf_req_id=1c100af3-441d-3912-c85f-8fadbe42ebf0 @module=sdk.framework tf_resource_type=local_file tf_rpc=PlanResourceChange timestamp=2026-08-15T18:30:41.249Z
2026-08-15T18:30:41.250Z [TRACE] provider.terraform-provider-local_v2.9.0_x5: setting attribute directory_permission to default value: "0777": tf_provider_addr=registry.terraform.io/hashicorp/local tf_resource_type=local_file tf_rpc=PlanResourceChange @module=sdk.framework tf_req_id=1c100af3-441d-3912-c85f-8fadbe42ebf0 @caller=github.com/hashicorp/terraform-plugin-framework@v1.19.0/internal/fwschemadata/data_default.go:370 timestamp=2026-08-15T18:30:41.249Z
2026-08-15T18:30:41.250Z [TRACE] provider.terraform-provider-local_v2.9.0_x5: Value implements ValidateableAttribute: @module=sdk.framework tf_provider_addr=registry.terraform.io/hashicorp/local tf_rpc=PlanResourceChange tf_req_id=1c100af3-441d-3912-c85f-8fadbe42ebf0 tf_resource_type=local_file @caller=github.com/hashicorp/terraform-plugin-framework@v1.19.0/internal/fwschemadata/data_value.go:96 timestamp=2026-08-15T18:30:41.249Z
2026-08-15T18:30:41.250Z [TRACE] provider.terraform-provider-local_v2.9.0_x5: Calling provider defined Value ValidateAttribute: @caller=github.com/hashicorp/terraform-plugin-framework@v1.19.0/internal/fwschemadata/data_value.go:97 tf_resource_type=local_file @module=sdk.framework tf_provider_addr=registry.terraform.io/hashicorp/local tf_req_id=1c100af3-441d-3912-c85f-8fadbe42ebf0 tf_rpc=PlanResourceChange timestamp=2026-08-15T18:30:41.249Z
2026-08-15T18:30:41.250Z [TRACE] provider.terraform-provider-local_v2.9.0_x5: Called provider defined Value ValidateAttribute: @caller=github.com/hashicorp/terraform-plugin-framework@v1.19.0/internal/fwschemadata/data_value.go:108 tf_req_id=1c100af3-441d-3912-c85f-8fadbe42ebf0 tf_resource_type=local_file tf_rpc=PlanResourceChange @module=sdk.framework tf_provider_addr=registry.terraform.io/hashicorp/local timestamp=2026-08-15T18:30:41.250Z
2026-08-15T18:30:41.250Z [TRACE] provider.terraform-provider-local_v2.9.0_x5: setting attribute file_permission to default value: "0777": tf_resource_type=local_file tf_rpc=PlanResourceChange @caller=github.com/hashicorp/terraform-plugin-framework@v1.19.0/internal/fwschemadata/data_default.go:370 @module=sdk.framework tf_provider_addr=registry.terraform.io/hashicorp/local tf_req_id=1c100af3-441d-3912-c85f-8fadbe42ebf0 timestamp=2026-08-15T18:30:41.250Z
2026-08-15T18:30:41.250Z [TRACE] provider.terraform-provider-local_v2.9.0_x5: Calling provider defined planmodifier.String: tf_req_id=1c100af3-441d-3912-c85f-8fadbe42ebf0 tf_rpc=PlanResourceChange @caller=github.com/hashicorp/terraform-plugin-framework@v1.19.0/internal/fwserver/attribute_plan_modification.go:2399 @module=sdk.framework description="If the value of this attribute changes, Terraform will destroy and recreate the resource." tf_attribute_path=sensitive_content tf_provider_addr=registry.terraform.io/hashicorp/local tf_resource_type=local_file timestamp=2026-08-15T18:30:41.250Z
2026-08-15T18:30:41.250Z [TRACE] provider.terraform-provider-local_v2.9.0_x5: Called provider defined planmodifier.String: tf_attribute_path=sensitive_content tf_provider_addr=registry.terraform.io/hashicorp/local tf_req_id=1c100af3-441d-3912-c85f-8fadbe42ebf0 @caller=github.com/hashicorp/terraform-plugin-framework@v1.19.0/internal/fwserver/attribute_plan_modification.go:2409 @module=sdk.framework description="If the value of this attribute changes, Terraform will destroy and recreate the resource." tf_resource_type=local_file tf_rpc=PlanResourceChange timestamp=2026-08-15T18:30:41.250Z
2026-08-15T18:30:41.250Z [TRACE] provider.terraform-provider-local_v2.9.0_x5: Value implements ValidateableAttribute: @caller=github.com/hashicorp/terraform-plugin-framework@v1.19.0/internal/fwschemadata/data_value.go:96 @module=sdk.framework tf_provider_addr=registry.terraform.io/hashicorp/local tf_req_id=1c100af3-441d-3912-c85f-8fadbe42ebf0 tf_resource_type=local_file tf_rpc=PlanResourceChange timestamp=2026-08-15T18:30:41.250Z
2026-08-15T18:30:41.250Z [TRACE] provider.terraform-provider-local_v2.9.0_x5: Calling provider defined Value ValidateAttribute: tf_provider_addr=registry.terraform.io/hashicorp/local tf_req_id=1c100af3-441d-3912-c85f-8fadbe42ebf0 tf_rpc=PlanResourceChange @module=sdk.framework tf_resource_type=local_file @caller=github.com/hashicorp/terraform-plugin-framework@v1.19.0/internal/fwschemadata/data_value.go:97 timestamp=2026-08-15T18:30:41.250Z
2026-08-15T18:30:41.250Z [TRACE] provider.terraform-provider-local_v2.9.0_x5: Called provider defined Value ValidateAttribute: tf_resource_type=local_file @module=sdk.framework tf_provider_addr=registry.terraform.io/hashicorp/local tf_req_id=1c100af3-441d-3912-c85f-8fadbe42ebf0 tf_rpc=PlanResourceChange @caller=github.com/hashicorp/terraform-plugin-framework@v1.19.0/internal/fwschemadata/data_value.go:108 timestamp=2026-08-15T18:30:41.250Z
2026-08-15T18:30:41.250Z [TRACE] provider.terraform-provider-local_v2.9.0_x5: Value implements ValidateableAttribute: @module=sdk.framework tf_provider_addr=registry.terraform.io/hashicorp/local tf_req_id=1c100af3-441d-3912-c85f-8fadbe42ebf0 tf_rpc=PlanResourceChange @caller=github.com/hashicorp/terraform-plugin-framework@v1.19.0/internal/fwschemadata/data_value.go:96 tf_resource_type=local_file timestamp=2026-08-15T18:30:41.250Z
2026-08-15T18:30:41.250Z [TRACE] provider.terraform-provider-local_v2.9.0_x5: Calling provider defined Value ValidateAttribute: @caller=github.com/hashicorp/terraform-plugin-framework@v1.19.0/internal/fwschemadata/data_value.go:97 @module=sdk.framework tf_provider_addr=registry.terraform.io/hashicorp/local tf_rpc=PlanResourceChange tf_req_id=1c100af3-441d-3912-c85f-8fadbe42ebf0 tf_resource_type=local_file timestamp=2026-08-15T18:30:41.250Z
2026-08-15T18:30:41.250Z [TRACE] provider.terraform-provider-local_v2.9.0_x5: Called provider defined Value ValidateAttribute: tf_req_id=1c100af3-441d-3912-c85f-8fadbe42ebf0 tf_provider_addr=registry.terraform.io/hashicorp/local tf_resource_type=local_file tf_rpc=PlanResourceChange @caller=github.com/hashicorp/terraform-plugin-framework@v1.19.0/internal/fwschemadata/data_value.go:108 @module=sdk.framework timestamp=2026-08-15T18:30:41.250Z
2026-08-15T18:30:41.250Z [TRACE] provider.terraform-provider-local_v2.9.0_x5: Value implements ValidateableAttribute: tf_req_id=1c100af3-441d-3912-c85f-8fadbe42ebf0 tf_resource_type=local_file tf_rpc=PlanResourceChange @caller=github.com/hashicorp/terraform-plugin-framework@v1.19.0/internal/fwschemadata/data_value.go:96 @module=sdk.framework tf_provider_addr=registry.terraform.io/hashicorp/local timestamp=2026-08-15T18:30:41.250Z
2026-08-15T18:30:41.250Z [TRACE] provider.terraform-provider-local_v2.9.0_x5: Calling provider defined Value ValidateAttribute: @module=sdk.framework tf_provider_addr=registry.terraform.io/hashicorp/local tf_req_id=1c100af3-441d-3912-c85f-8fadbe42ebf0 tf_resource_type=local_file tf_rpc=PlanResourceChange @caller=github.com/hashicorp/terraform-plugin-framework@v1.19.0/internal/fwschemadata/data_value.go:97 timestamp=2026-08-15T18:30:41.250Z
2026-08-15T18:30:41.250Z [TRACE] provider.terraform-provider-local_v2.9.0_x5: Called provider defined Value ValidateAttribute: tf_req_id=1c100af3-441d-3912-c85f-8fadbe42ebf0 tf_resource_type=local_file tf_rpc=PlanResourceChange @caller=github.com/hashicorp/terraform-plugin-framework@v1.19.0/internal/fwschemadata/data_value.go:108 tf_provider_addr=registry.terraform.io/hashicorp/local @module=sdk.framework timestamp=2026-08-15T18:30:41.250Z
2026-08-15T18:30:41.250Z [TRACE] provider.terraform-provider-local_v2.9.0_x5: Calling provider defined planmodifier.String: tf_rpc=PlanResourceChange @caller=github.com/hashicorp/terraform-plugin-framework@v1.19.0/internal/fwserver/attribute_plan_modification.go:2399 tf_resource_type=local_file @module=sdk.framework description="If the value of this attribute changes, Terraform will destroy and recreate the resource." tf_attribute_path=file_permission tf_provider_addr=registry.terraform.io/hashicorp/local tf_req_id=1c100af3-441d-3912-c85f-8fadbe42ebf0 timestamp=2026-08-15T18:30:41.250Z
2026-08-15T18:30:41.250Z [TRACE] provider.terraform-provider-local_v2.9.0_x5: Called provider defined planmodifier.String: tf_provider_addr=registry.terraform.io/hashicorp/local tf_rpc=PlanResourceChange tf_attribute_path=file_permission tf_req_id=1c100af3-441d-3912-c85f-8fadbe42ebf0 tf_resource_type=local_file @caller=github.com/hashicorp/terraform-plugin-framework@v1.19.0/internal/fwserver/attribute_plan_modification.go:2409 @module=sdk.framework description="If the value of this attribute changes, Terraform will destroy and recreate the resource." timestamp=2026-08-15T18:30:41.250Z
2026-08-15T18:30:41.250Z [TRACE] provider.terraform-provider-local_v2.9.0_x5: Value implements ValidateableAttribute: tf_attribute_path=file_permission tf_provider_addr=registry.terraform.io/hashicorp/local tf_resource_type=local_file @caller=github.com/hashicorp/terraform-plugin-framework@v1.19.0/internal/fwschemadata/data_set_at_path.go:122 @module=sdk.framework tf_req_id=1c100af3-441d-3912-c85f-8fadbe42ebf0 tf_rpc=PlanResourceChange timestamp=2026-08-15T18:30:41.250Z
2026-08-15T18:30:41.250Z [TRACE] provider.terraform-provider-local_v2.9.0_x5: Calling provider defined Value ValidateAttribute: @module=sdk.framework tf_attribute_path=file_permission tf_provider_addr=registry.terraform.io/hashicorp/local tf_req_id=1c100af3-441d-3912-c85f-8fadbe42ebf0 tf_resource_type=local_file tf_rpc=PlanResourceChange @caller=github.com/hashicorp/terraform-plugin-framework@v1.19.0/internal/fwschemadata/data_set_at_path.go:123 timestamp=2026-08-15T18:30:41.250Z
2026-08-15T18:30:41.250Z [TRACE] provider.terraform-provider-local_v2.9.0_x5: Called provider defined Value ValidateAttribute: @caller=github.com/hashicorp/terraform-plugin-framework@v1.19.0/internal/fwschemadata/data_set_at_path.go:132 tf_attribute_path=file_permission tf_provider_addr=registry.terraform.io/hashicorp/local tf_req_id=1c100af3-441d-3912-c85f-8fadbe42ebf0 tf_rpc=PlanResourceChange @module=sdk.framework tf_resource_type=local_file timestamp=2026-08-15T18:30:41.250Z
2026-08-15T18:30:41.250Z [TRACE] provider.terraform-provider-local_v2.9.0_x5: Calling provider defined planmodifier.String: tf_resource_type=local_file @module=sdk.framework description="If the value of this attribute changes, Terraform will destroy and recreate the resource." tf_rpc=PlanResourceChange @caller=github.com/hashicorp/terraform-plugin-framework@v1.19.0/internal/fwserver/attribute_plan_modification.go:2399 tf_attribute_path=filename tf_provider_addr=registry.terraform.io/hashicorp/local tf_req_id=1c100af3-441d-3912-c85f-8fadbe42ebf0 timestamp=2026-08-15T18:30:41.250Z
2026-08-15T18:30:41.250Z [TRACE] provider.terraform-provider-local_v2.9.0_x5: Called provider defined planmodifier.String: tf_provider_addr=registry.terraform.io/hashicorp/local tf_req_id=1c100af3-441d-3912-c85f-8fadbe42ebf0 tf_resource_type=local_file tf_rpc=PlanResourceChange @caller=github.com/hashicorp/terraform-plugin-framework@v1.19.0/internal/fwserver/attribute_plan_modification.go:2409 @module=sdk.framework description="If the value of this attribute changes, Terraform will destroy and recreate the resource." tf_attribute_path=filename timestamp=2026-08-15T18:30:41.250Z
2026-08-15T18:30:41.250Z [TRACE] provider.terraform-provider-local_v2.9.0_x5: Value implements ValidateableAttribute: @caller=github.com/hashicorp/terraform-plugin-framework@v1.19.0/internal/fwschemadata/data_value.go:96 tf_provider_addr=registry.terraform.io/hashicorp/local tf_resource_type=local_file tf_rpc=PlanResourceChange @module=sdk.framework tf_req_id=1c100af3-441d-3912-c85f-8fadbe42ebf0 timestamp=2026-08-15T18:30:41.250Z
2026-08-15T18:30:41.250Z [TRACE] provider.terraform-provider-local_v2.9.0_x5: Calling provider defined Value ValidateAttribute: tf_provider_addr=registry.terraform.io/hashicorp/local tf_req_id=1c100af3-441d-3912-c85f-8fadbe42ebf0 @caller=github.com/hashicorp/terraform-plugin-framework@v1.19.0/internal/fwschemadata/data_value.go:97 @module=sdk.framework tf_resource_type=local_file tf_rpc=PlanResourceChange timestamp=2026-08-15T18:30:41.250Z
2026-08-15T18:30:41.250Z [TRACE] provider.terraform-provider-local_v2.9.0_x5: Called provider defined Value ValidateAttribute: @module=sdk.framework tf_provider_addr=registry.terraform.io/hashicorp/local tf_req_id=1c100af3-441d-3912-c85f-8fadbe42ebf0 tf_rpc=PlanResourceChange @caller=github.com/hashicorp/terraform-plugin-framework@v1.19.0/internal/fwschemadata/data_value.go:108 tf_resource_type=local_file timestamp=2026-08-15T18:30:41.250Z
2026-08-15T18:30:41.250Z [TRACE] provider.terraform-provider-local_v2.9.0_x5: Value implements ValidateableAttribute: @module=sdk.framework tf_provider_addr=registry.terraform.io/hashicorp/local @caller=github.com/hashicorp/terraform-plugin-framework@v1.19.0/internal/fwschemadata/data_value.go:96 tf_req_id=1c100af3-441d-3912-c85f-8fadbe42ebf0 tf_resource_type=local_file tf_rpc=PlanResourceChange timestamp=2026-08-15T18:30:41.250Z
2026-08-15T18:30:41.250Z [TRACE] provider.terraform-provider-local_v2.9.0_x5: Calling provider defined Value ValidateAttribute: @caller=github.com/hashicorp/terraform-plugin-framework@v1.19.0/internal/fwschemadata/data_value.go:97 tf_resource_type=local_file tf_rpc=PlanResourceChange @module=sdk.framework tf_provider_addr=registry.terraform.io/hashicorp/local tf_req_id=1c100af3-441d-3912-c85f-8fadbe42ebf0 timestamp=2026-08-15T18:30:41.250Z
2026-08-15T18:30:41.250Z [TRACE] provider.terraform-provider-local_v2.9.0_x5: Called provider defined Value ValidateAttribute: tf_resource_type=local_file @caller=github.com/hashicorp/terraform-plugin-framework@v1.19.0/internal/fwschemadata/data_value.go:108 @module=sdk.framework tf_provider_addr=registry.terraform.io/hashicorp/local tf_req_id=1c100af3-441d-3912-c85f-8fadbe42ebf0 tf_rpc=PlanResourceChange timestamp=2026-08-15T18:30:41.250Z
2026-08-15T18:30:41.250Z [TRACE] provider.terraform-provider-local_v2.9.0_x5: Value implements ValidateableAttribute: @module=sdk.framework tf_provider_addr=registry.terraform.io/hashicorp/local tf_resource_type=local_file tf_req_id=1c100af3-441d-3912-c85f-8fadbe42ebf0 tf_rpc=PlanResourceChange @caller=github.com/hashicorp/terraform-plugin-framework@v1.19.0/internal/fwschemadata/data_value.go:96 timestamp=2026-08-15T18:30:41.250Z
2026-08-15T18:30:41.250Z [TRACE] provider.terraform-provider-local_v2.9.0_x5: Calling provider defined Value ValidateAttribute: @module=sdk.framework tf_provider_addr=registry.terraform.io/hashicorp/local tf_req_id=1c100af3-441d-3912-c85f-8fadbe42ebf0 tf_resource_type=local_file @caller=github.com/hashicorp/terraform-plugin-framework@v1.19.0/internal/fwschemadata/data_value.go:97 tf_rpc=PlanResourceChange timestamp=2026-08-15T18:30:41.250Z
2026-08-15T18:30:41.250Z [TRACE] provider.terraform-provider-local_v2.9.0_x5: Called provider defined Value ValidateAttribute: @module=sdk.framework tf_provider_addr=registry.terraform.io/hashicorp/local tf_rpc=PlanResourceChange @caller=github.com/hashicorp/terraform-plugin-framework@v1.19.0/internal/fwschemadata/data_value.go:108 tf_req_id=1c100af3-441d-3912-c85f-8fadbe42ebf0 tf_resource_type=local_file timestamp=2026-08-15T18:30:41.250Z
2026-08-15T18:30:41.250Z [TRACE] provider.terraform-provider-local_v2.9.0_x5: Calling provider defined planmodifier.String: @caller=github.com/hashicorp/terraform-plugin-framework@v1.19.0/internal/fwserver/attribute_plan_modification.go:2399 description="If the value of this attribute changes, Terraform will destroy and recreate the resource." tf_attribute_path=directory_permission tf_provider_addr=registry.terraform.io/hashicorp/local tf_resource_type=local_file @module=sdk.framework tf_req_id=1c100af3-441d-3912-c85f-8fadbe42ebf0 tf_rpc=PlanResourceChange timestamp=2026-08-15T18:30:41.250Z
2026-08-15T18:30:41.250Z [TRACE] provider.terraform-provider-local_v2.9.0_x5: Called provider defined planmodifier.String: @module=sdk.framework description="If the value of this attribute changes, Terraform will destroy and recreate the resource." tf_attribute_path=directory_permission tf_provider_addr=registry.terraform.io/hashicorp/local tf_req_id=1c100af3-441d-3912-c85f-8fadbe42ebf0 @caller=github.com/hashicorp/terraform-plugin-framework@v1.19.0/internal/fwserver/attribute_plan_modification.go:2409 tf_resource_type=local_file tf_rpc=PlanResourceChange timestamp=2026-08-15T18:30:41.250Z
2026-08-15T18:30:41.250Z [TRACE] provider.terraform-provider-local_v2.9.0_x5: Value implements ValidateableAttribute: tf_provider_addr=registry.terraform.io/hashicorp/local tf_rpc=PlanResourceChange @caller=github.com/hashicorp/terraform-plugin-framework@v1.19.0/internal/fwschemadata/data_set_at_path.go:122 tf_attribute_path=directory_permission tf_req_id=1c100af3-441d-3912-c85f-8fadbe42ebf0 tf_resource_type=local_file @module=sdk.framework timestamp=2026-08-15T18:30:41.250Z
2026-08-15T18:30:41.250Z [TRACE] provider.terraform-provider-local_v2.9.0_x5: Calling provider defined Value ValidateAttribute: tf_attribute_path=directory_permission tf_req_id=1c100af3-441d-3912-c85f-8fadbe42ebf0 tf_rpc=PlanResourceChange @caller=github.com/hashicorp/terraform-plugin-framework@v1.19.0/internal/fwschemadata/data_set_at_path.go:123 @module=sdk.framework tf_provider_addr=registry.terraform.io/hashicorp/local tf_resource_type=local_file timestamp=2026-08-15T18:30:41.250Z
2026-08-15T18:30:41.250Z [TRACE] provider.terraform-provider-local_v2.9.0_x5: Called provider defined Value ValidateAttribute: tf_rpc=PlanResourceChange tf_req_id=1c100af3-441d-3912-c85f-8fadbe42ebf0 tf_resource_type=local_file @caller=github.com/hashicorp/terraform-plugin-framework@v1.19.0/internal/fwschemadata/data_set_at_path.go:132 @module=sdk.framework tf_attribute_path=directory_permission tf_provider_addr=registry.terraform.io/hashicorp/local timestamp=2026-08-15T18:30:41.250Z
2026-08-15T18:30:41.251Z [TRACE] provider.terraform-provider-local_v2.9.0_x5: Calling provider defined planmodifier.String: description="If the value of this attribute changes, Terraform will destroy and recreate the resource." tf_attribute_path=content tf_resource_type=local_file tf_rpc=PlanResourceChange tf_provider_addr=registry.terraform.io/hashicorp/local tf_req_id=1c100af3-441d-3912-c85f-8fadbe42ebf0 @caller=github.com/hashicorp/terraform-plugin-framework@v1.19.0/internal/fwserver/attribute_plan_modification.go:2399 @module=sdk.framework timestamp=2026-08-15T18:30:41.250Z
2026-08-15T18:30:41.251Z [TRACE] provider.terraform-provider-local_v2.9.0_x5: Called provider defined planmodifier.String: tf_resource_type=local_file @module=sdk.framework tf_attribute_path=content tf_req_id=1c100af3-441d-3912-c85f-8fadbe42ebf0 tf_rpc=PlanResourceChange @caller=github.com/hashicorp/terraform-plugin-framework@v1.19.0/internal/fwserver/attribute_plan_modification.go:2409 description="If the value of this attribute changes, Terraform will destroy and recreate the resource." tf_provider_addr=registry.terraform.io/hashicorp/local timestamp=2026-08-15T18:30:41.251Z
2026-08-15T18:30:41.251Z [TRACE] provider.terraform-provider-local_v2.9.0_x5: Calling provider defined planmodifier.String: description="If the value of this attribute changes, Terraform will destroy and recreate the resource." tf_attribute_path=content_base64 tf_provider_addr=registry.terraform.io/hashicorp/local tf_resource_type=local_file tf_req_id=1c100af3-441d-3912-c85f-8fadbe42ebf0 tf_rpc=PlanResourceChange @caller=github.com/hashicorp/terraform-plugin-framework@v1.19.0/internal/fwserver/attribute_plan_modification.go:2399 @module=sdk.framework timestamp=2026-08-15T18:30:41.251Z
2026-08-15T18:30:41.251Z [TRACE] provider.terraform-provider-local_v2.9.0_x5: Called provider defined planmodifier.String: description="If the value of this attribute changes, Terraform will destroy and recreate the resource." tf_attribute_path=content_base64 tf_resource_type=local_file @caller=github.com/hashicorp/terraform-plugin-framework@v1.19.0/internal/fwserver/attribute_plan_modification.go:2409 tf_provider_addr=registry.terraform.io/hashicorp/local tf_req_id=1c100af3-441d-3912-c85f-8fadbe42ebf0 tf_rpc=PlanResourceChange @module=sdk.framework timestamp=2026-08-15T18:30:41.251Z
2026-08-15T18:30:41.251Z [TRACE] provider.terraform-provider-local_v2.9.0_x5: Calling provider defined planmodifier.String: @caller=github.com/hashicorp/terraform-plugin-framework@v1.19.0/internal/fwserver/attribute_plan_modification.go:2399 description="If the value of this attribute changes, Terraform will destroy and recreate the resource." tf_attribute_path=source tf_provider_addr=registry.terraform.io/hashicorp/local tf_req_id=1c100af3-441d-3912-c85f-8fadbe42ebf0 tf_resource_type=local_file @module=sdk.framework tf_rpc=PlanResourceChange timestamp=2026-08-15T18:30:41.251Z
2026-08-15T18:30:41.251Z [TRACE] provider.terraform-provider-local_v2.9.0_x5: Called provider defined planmodifier.String: tf_rpc=PlanResourceChange @caller=github.com/hashicorp/terraform-plugin-framework@v1.19.0/internal/fwserver/attribute_plan_modification.go:2409 @module=sdk.framework description="If the value of this attribute changes, Terraform will destroy and recreate the resource." tf_provider_addr=registry.terraform.io/hashicorp/local tf_req_id=1c100af3-441d-3912-c85f-8fadbe42ebf0 tf_resource_type=local_file tf_attribute_path=source timestamp=2026-08-15T18:30:41.251Z
2026-08-15T18:30:41.251Z [TRACE] provider.terraform-provider-local_v2.9.0_x5: Received downstream response: @module=sdk.proto tf_proto_version=5.11 tf_req_id=1c100af3-441d-3912-c85f-8fadbe42ebf0 diagnostic_error_count=0 diagnostic_warning_count=0 tf_provider_addr=registry.terraform.io/hashicorp/local tf_req_duration_ms=1 tf_resource_type=local_file tf_rpc=PlanResourceChange @caller=github.com/hashicorp/terraform-plugin-go@v0.31.0/tfprotov5/internal/tf5serverlogging/downstream_request.go:61 timestamp=2026-08-15T18:30:41.251Z
2026-08-15T18:30:41.251Z [TRACE] provider.terraform-provider-local_v2.9.0_x5: Served request: tf_proto_version=5.11 tf_provider_addr=registry.terraform.io/hashicorp/local tf_req_id=1c100af3-441d-3912-c85f-8fadbe42ebf0 tf_rpc=PlanResourceChange @caller=github.com/hashicorp/terraform-plugin-go@v0.31.0/tfprotov5/tf5server/server.go:922 @module=sdk.proto tf_resource_type=local_file timestamp=2026-08-15T18:30:41.251Z
2026-08-15T18:30:41.252Z [TRACE] writeChange: recorded NoOp change for local_file.demo
2026-08-15T18:30:41.252Z [TRACE] terraform.contextPlugins: Schema for provider "registry.terraform.io/hashicorp/local" is in the global cache
2026-08-15T18:30:41.252Z [TRACE] NodeAbstractResourceInstance.writeResourceInstanceState to workingState for local_file.demo
2026-08-15T18:30:41.252Z [TRACE] NodeAbstractResourceInstance.writeResourceInstanceState: writing state object for local_file.demo
2026-08-15T18:30:41.252Z [TRACE] vertex "local_file.demo": visit complete
2026-08-15T18:30:41.252Z [TRACE] vertex "root": starting visit (terraform.graphNodeRoot)
2026-08-15T18:30:41.252Z [TRACE] vertex "root": does not belong to any module instance
2026-08-15T18:30:41.252Z [TRACE] vertex "root": visit complete
2026-08-15T18:30:41.252Z [TRACE] vertex "local_file.demo (expand)": dynamic subgraph completed successfully
2026-08-15T18:30:41.252Z [TRACE] vertex "local_file.demo (expand)": visit complete
2026-08-15T18:30:41.252Z [TRACE] vertex "provider[\"registry.terraform.io/hashicorp/local\"] (close)": starting visit (*terraform.graphNodeCloseProvider)
2026-08-15T18:30:41.252Z [TRACE] vertex "provider[\"registry.terraform.io/hashicorp/local\"] (close)": does not belong to any module instance
2026-08-15T18:30:41.252Z [TRACE] GRPCProvider: Close
2026-08-15T18:30:41.253Z [DEBUG] provider.stdio: received EOF, stopping recv loop: err="rpc error: code = Unavailable desc = error reading from server: EOF"
2026-08-15T18:30:41.254Z [INFO]  provider: plugin process exited: plugin=.terraform/providers/registry.terraform.io/hashicorp/local/2.9.0/linux_amd64/terraform-provider-local_v2.9.0_x5 id=3645
2026-08-15T18:30:41.254Z [DEBUG] provider: plugin exited
2026-08-15T18:30:41.254Z [TRACE] vertex "provider[\"registry.terraform.io/hashicorp/local\"] (close)": visit complete
2026-08-15T18:30:41.254Z [TRACE] vertex "root": starting visit (*terraform.nodeCloseModule)
2026-08-15T18:30:41.254Z [TRACE] vertex "root": does not belong to any module instance
2026-08-15T18:30:41.254Z [TRACE] vertex "root": visit complete
2026-08-15T18:30:41.254Z [TRACE] LoadSchemas: retrieving schema for provider type "registry.terraform.io/hashicorp/local"
2026-08-15T18:30:41.254Z [TRACE] terraform.contextPlugins: Schema for provider "registry.terraform.io/hashicorp/local" is in the global cache
2026-08-15T18:30:41.254Z [TRACE] Plan is complete
2026-08-15T18:30:41.254Z [TRACE] Plan is not applyable
2026-08-15T18:30:41.254Z [TRACE] terraform.contextPlugins: Schema for provider "registry.terraform.io/hashicorp/local" is in the global cache
2026-08-15T18:30:41.254Z [TRACE] LoadSchemas: retrieving schema for provider type "registry.terraform.io/hashicorp/local"
2026-08-15T18:30:41.254Z [TRACE] terraform.contextPlugins: Schema for provider "registry.terraform.io/hashicorp/local" is in the global cache
2026-08-15T18:30:41.254Z [DEBUG] no planned changes, skipping apply graph check
2026-08-15T18:30:41.254Z [INFO]  backend/local: plan operation completed
2026-08-15T18:30:41.254Z [TRACE] LoadSchemas: retrieving schema for provider type "registry.terraform.io/hashicorp/local"
2026-08-15T18:30:41.254Z [TRACE] terraform.contextPlugins: Schema for provider "registry.terraform.io/hashicorp/local" is in the global cache
2026-08-15T18:30:41.255Z [TRACE] statemgr.Filesystem: removing lock metadata file .terraform.tfstate.lock.info
2026-08-15T18:30:41.255Z [TRACE] statemgr.Filesystem: unlocking terraform.tfstate using fcntl flock
